Workbook
Name PrjctStartDate: 'Project Follow up - Report'!$H$8:$H$8
Name PrjctStartDate: 'Project Follow up - Base'!$H$12:$H$12
Name Project_Start: 'Project Follow up - Base'!#REF!
Name Project_Start: 'Project Follow up - Report'!#REF!
Name Scrolling_Increment: 'Project Follow up - Base'!#REF!
Name Scrolling_Increment: 'Project Follow up - Report'!#REF!

Sheet Home
D4: Database | H4: This Project | L4: All Projects
D6: Fixed Lists | H6: Data Entry File | L6: Employees' KPIs
D7: Project List | H7: Follow up - Base | L7: Departments' KPIs
D8: Tasks | H8: Follow up - Client Report
D9: Employees Data | H9: Project Costs
D10: KPIs Data | H10: Employees Summary
H11: Team Members Through Time
H12: Phases Through Time
H13: Employees KPIs

Sheet Team members Data
C3: ='Team Members Over Time'!F5 -> 45627 | D3: ='Team Members Over Time'!G5 -> 0 | E3: ='Team Members Over Time'!H5 -> 45658 | F3: ='Team Members Over Time'!I5 -> 0 | G3: ='Team Members Over Time'!J5 -> 45689 | H3: ='Team Members Over Time'!K5 -> 0 | I3: ='Team Members Over Time'!L5 -> 45717 | J3: ='Team Members Over Time'!M5 -> 0 | ... AL3: ='Team Members Over Time'!AO5 -> 0
A4: ='Project Follow up - Base'!$B$17 -> Studies | B4: ='Project Follow up - Base'!F20 -> Abdulrahman Bukees | C4: =IF('Project Follow up - Base'!$N20="",0, COUNTIFS('Project Follow up - Base'!$AC20:$OC20,"<="&10,'Project Follow up - Base'!$AC20:$OC20,">="&-10,'Project Follow up - Base'!$AC$3:$OC$3,">="&DATE(YEAR(C$3),MONTH(C$3),1),'Project Follow up - Base'!$AC$3:$OC$3,"<="&(DATE(YEAR(C$3),MONTH(C$3)+1,1)-1),'Project Follow up - Base'!$AC$4:$OC$4,"<>"&"Fri",'Project Follow up - Base'!$AC$4:$OC$4,"<>"&"Sat",'Project Follow up - Base'!$AC$3:$OC$3,"<>"&List!$L$3,'Project Follow up - Base'!$AC$3:$OC$3,"<>"&List!$L$4,'Project Follow up - Base'!$AC$3:$OC$3,"<>"&List!$L$5,'Project Follow up - Base'!$AC$3:$OC$3,"<>"&List!$L$6,'Project Follow up - Base'!$AC$3:$OC$3,"<>"&List!$L$7,'Project Follow up - Base'!$AC$3:$OC$3,"<>"&List!$L$8,'Project Follow up - Base'!$AC$3:$OC$3,"<>"&List!$L$9,'Project Follow up - Base'!$AC$3:$OC$3,"<>"&List!$L$10,'Project Follow up - Base'!$AC$3:$OC$3,"<>"&List!$L$11,'Project Follow up - Base'!$AC$3:$OC$3,"<>"&List!$L$12,'Project Follow up - Base'!$AC$3:$OC$3,"<>"&List!$L$13)) -> 6 | D4: =IF('Project Follow up - Base'!$N20="",0, COUNTIFS('Project Follow up - Base'!$AC20:$OC20,"<="&10,'Project Follow up - Base'!$AC20:$OC20,">="&-10,'Project Follow up - Base'!$AC$3:$OC$3,">="&DATE(YEAR(D$3),MONTH(D$3),1),'Project Follow up - Base'!$AC$3:$OC$3,"<="&(DATE(YEAR(D$3),MONTH(D$3)+1,1)-1),'Project Follow up - Base'!$AC$4:$OC$4,"<>"&"Fri",'Project Follow up - Base'!$AC$4:$OC$4,"<>"&"Sat",'Project Follow up - Base'!$AC$3:$OC$3,"<>"&List!$L$3,'Project Follow up - Base'!$AC$3:$OC$3,"<>"&List!$L$4,'Project Follow up - Base'!$AC$3:$OC$3,"<>"&List!$L$5,'Project Follow up - Base'!$AC$3:$OC$3,"<>"&List!$L$6,'Project Follow up - Base'!$AC$3:$OC$3,"<>"&List!$L$7,'Project Follow up - Base'!$AC$3:$OC$3,"<>"&List!$L$8,'Project Follow up - Base'!$AC$3:$OC$3,"<>"&List!$L$9,'Project Follow up - Base'!$AC$3:$OC$3,"<>"&List!$L$10,'Project Follow up - Base'!$AC$3:$OC$3,"<>"&List!$L$11,'Project Follow up - Base'!$AC$3:$OC$3,"<>"&List!$L$12,'Project Follow up - Base'!$AC$3:$OC$3,"<>"&List!$L$13)) -> 0 | E4: =IF('Project Follow up - Base'!$N20="",0, COUNTIFS('Project Follow up - Base'!$AC20:$OC20,"<="&10,'Project Follow up - Base'!$AC20:$OC20,">="&-10,'Project Follow up - Base'!$AC$3:$OC$3,">="&DATE(YEAR(E$3),MONTH(E$3),1),'Project Follow up - Base'!$AC$3:$OC$3,"<="&(DATE(YEAR(E$3),MONTH(E$3)+1,1)-1),'Project Follow up - Base'!$AC$4:$OC$4,"<>"&"Fri",'Project Follow up - Base'!$AC$4:$OC$4,"<>"&"Sat",'Project Follow up - Base'!$AC$3:$OC$3,"<>"&List!$L$3,'Project Follow up - Base'!$AC$3:$OC$3,"<>"&List!$L$4,'Project Follow up - Base'!$AC$3:$OC$3,"<>"&List!$L$5,'Project Follow up - Base'!$AC$3:$OC$3,"<>"&List!$L$6,'Project Follow up - Base'!$AC$3:$OC$3,"<>"&List!$L$7,'Project Follow up - Base'!$AC$3:$OC$3,"<>"&List!$L$8,'Project Follow up - Base'!$AC$3:$OC$3,"<>"&List!$L$9,'Project Follow up - Base'!$AC$3:$OC$3,"<>"&List!$L$10,'Project Follow up - Base'!$AC$3:$OC$3,"<>"&List!$L$11,'Project Follow up - Base'!$AC$3:$OC$3,"<>"&List!$L$12,'Project Follow up - Base'!$AC$3:$OC$3,"<>"&List!$L$13)) -> 8 | F4: =IF('Project Follow up - Base'!$N20="",0, COUNTIFS('Project Follow up - Base'!$AC20:$OC20,"<="&10,'Project Follow up - Base'!$AC20:$OC20,">="&-10,'Project Follow up - Base'!$AC$3:$OC$3,">="&DATE(YEAR(F$3),MONTH(F$3),1),'Project Follow up - Base'!$AC$3:$OC$3,"<="&(DATE(YEAR(F$3),MONTH(F$3)+1,1)-1),'Project Follow up - Base'!$AC$4:$OC$4,"<>"&"Fri",'Project Follow up - Base'!$AC$4:$OC$4,"<>"&"Sat",'Project Follow up - Base'!$AC$3:$OC$3,"<>"&List!$L$3,'Project Follow up - Base'!$AC$3:$OC$3,"<>"&List!$L$4,'Project Follow up - Base'!$AC$3:$OC$3,"<>"&List!$L$5,'Project Follow up - Base'!$AC$3:$OC$3,"<>"&List!$L$6,'Project Follow up - Base'!$AC$3:$OC$3,"<>"&List!$L$7,'Project Follow up - Base'!$AC$3:$OC$3,"<>"&List!$L$8,'Project Follow up - Base'!$AC$3:$OC$3,"<>"&List!$L$9,'Project Follow up - Base'!$AC$3:$OC$3,"<>"&List!$L$10,'Project Follow up - Base'!$AC$3:$OC$3,"<>"&List!$L$11,'Project Follow up - Base'!$AC$3:$OC$3,"<>"&List!$L$12,'Project Follow up - Base'!$AC$3:$OC$3,"<>"&List!$L$13)) -> 0 | G4: =IF('Project Follow up - Base'!$N20="",0, COUNTIFS('Project Follow up - Base'!$AC20:$OC20,"<="&10,'Project Follow up - Base'!$AC20:$OC20,">="&-10,'Project Follow up - Base'!$AC$3:$OC$3,">="&DATE(YEAR(G$3),MONTH(G$3),1),'Project Follow up - Base'!$AC$3:$OC$3,"<="&(DATE(YEAR(G$3),MONTH(G$3)+1,1)-1),'Project Follow up - Base'!$AC$4:$OC$4,"<>"&"Fri",'Project Follow up - Base'!$AC$4:$OC$4,"<>"&"Sat",'Project Follow up - Base'!$AC$3:$OC$3,"<>"&List!$L$3,'Project Follow up - Base'!$AC$3:$OC$3,"<>"&List!$L$4,'Project Follow up - Base'!$AC$3:$OC$3,"<>"&List!$L$5,'Project Follow up - Base'!$AC$3:$OC$3,"<>"&List!$L$6,'Project Follow up - Base'!$AC$3:$OC$3,"<>"&List!$L$7,'Project Follow up - Base'!$AC$3:$OC$3,"<>"&List!$L$8,'Project Follow up - Base'!$AC$3:$OC$3,"<>"&List!$L$9,'Project Follow up - Base'!$AC$3:$OC$3,"<>"&List!$L$10,'Project Follow up - Base'!$AC$3:$OC$3,"<>"&List!$L$11,'Project Follow up - Base'!$AC$3:$OC$3,"<>"&List!$L$12,'Project Follow up - Base'!$AC$3:$OC$3,"<>"&List!$L$13)) -> 0 | H4: =IF('Project Follow up - Base'!$N20="",0, COUNTIFS('Project Follow up - Base'!$AC20:$OC20,"<="&10,'Project Follow up - Base'!$AC20:$OC20,">="&-10,'Project Follow up - Base'!$AC$3:$OC$3,">="&DATE(YEAR(H$3),MONTH(H$3),1),'Project Follow up - Base'!$AC$3:$OC$3,"<="&(DATE(YEAR(H$3),MONTH(H$3)+1,1)-1),'Project Follow up - Base'!$AC$4:$OC$4,"<>"&"Fri",'Project Follow up - Base'!$AC$4:$OC$4,"<>"&"Sat",'Project Follow up - Base'!$AC$3:$OC$3,"<>"&List!$L$3,'Project Follow up - Base'!$AC$3:$OC$3,"<>"&List!$L$4,'Project Follow up - Base'!$AC$3:$OC$3,"<>"&List!$L$5,'Project Follow up - Base'!$AC$3:$OC$3,"<>"&List!$L$6,'Project Follow up - Base'!$AC$3:$OC$3,"<>"&List!$L$7,'Project Follow up - Base'!$AC$3:$OC$3,"<>"&List!$L$8,'Project Follow up - Base'!$AC$3:$OC$3,"<>"&List!$L$9,'Project Follow up - Base'!$AC$3:$OC$3,"<>"&List!$L$10,'Project Follow up - Base'!$AC$3:$OC$3,"<>"&List!$L$11,'Project Follow up - Base'!$AC$3:$OC$3,"<>"&List!$L$12,'Project Follow up - Base'!$AC$3:$OC$3,"<>"&List!$L$13)) -> 0 | I4: =IF('Project Follow up - Base'!$N20="",0, COUNTIFS('Project Follow up - Base'!$AC20:$OC20,"<="&10,'Project Follow up - Base'!$AC20:$OC20,">="&-10,'Project Follow up - Base'!$AC$3:$OC$3,">="&DATE(YEAR(I$3),MONTH(I$3),1),'Project Follow up - Base'!$AC$3:$OC$3,"<="&(DATE(YEAR(I$3),MONTH(I$3)+1,1)-1),'Project Follow up - Base'!$AC$4:$OC$4,"<>"&"Fri",'Project Follow up - Base'!$AC$4:$OC$4,"<>"&"Sat",'Project Follow up - Base'!$AC$3:$OC$3,"<>"&List!$L$3,'Project Follow up - Base'!$AC$3:$OC$3,"<>"&List!$L$4,'Project Follow up - Base'!$AC$3:$OC$3,"<>"&List!$L$5,'Project Follow up - Base'!$AC$3:$OC$3,"<>"&List!$L$6,'Project Follow up - Base'!$AC$3:$OC$3,"<>"&List!$L$7,'Project Follow up - Base'!$AC$3:$OC$3,"<>"&List!$L$8,'Project Follow up - Base'!$AC$3:$OC$3,"<>"&List!$L$9,'Project Follow up - Base'!$AC$3:$OC$3,"<>"&List!$L$10,'Project Follow up - Base'!$AC$3:$OC$3,"<>"&List!$L$11,'Project Follow up - Base'!$AC$3:$OC$3,"<>"&List!$L$12,'Project Follow up - Base'!$AC$3:$OC$3,"<>"&List!$L$13)) -> 0 | J4: =IF('Project Follow up - Base'!$N20="",0, COUNTIFS('Project Follow up - Base'!$AC20:$OC20,"<="&10,'Project Follow up - Base'!$AC20:$OC20,">="&-10,'Project Follow up - Base'!$AC$3:$OC$3,">="&DATE(YEAR(J$3),MONTH(J$3),1),'Project Follow up - Base'!$AC$3:$OC$3,"<="&(DATE(YEAR(J$3),MONTH(J$3)+1,1)-1),'Project Follow up - Base'!$AC$4:$OC$4,"<>"&"Fri",'Project Follow up - Base'!$AC$4:$OC$4,"<>"&"Sat",'Project Follow up - Base'!$AC$3:$OC$3,"<>"&List!$L$3,'Project Follow up - Base'!$AC$3:$OC$3,"<>"&List!$L$4,'Project Follow up - Base'!$AC$3:$OC$3,"<>"&List!$L$5,'Project Follow up - Base'!$AC$3:$OC$3,"<>"&List!$L$6,'Project Follow up - Base'!$AC$3:$OC$3,"<>"&List!$L$7,'Project Follow up - Base'!$AC$3:$OC$3,"<>"&List!$L$8,'Project Follow up - Base'!$AC$3:$OC$3,"<>"&List!$L$9,'Project Follow up - Base'!$AC$3:$OC$3,"<>"&List!$L$10,'Project Follow up - Base'!$AC$3:$OC$3,"<>"&List!$L$11,'Project Follow up - Base'!$AC$3:$OC$3,"<>"&List!$L$12,'Project Follow up - Base'!$AC$3:$OC$3,"<>"&List!$L$13)) -> 0 | ... AL4: =IF('Project Follow up - Base'!$N20="",0, COUNTIFS('Project Follow up - Base'!$AC20:$OC20,"<="&10,'Project Follow up - Base'!$AC20:$OC20,">="&-10,'Project Follow up - Base'!$AC$3:$OC$3,">="&DATE(YEAR(AL$3),MONTH(AL$3),1),'Project Follow up - Base'!$AC$3:$OC$3,"<="&(DATE(YEAR(AL$3),MONTH(AL$3)+1,1)-1),'Project Follow up - Base'!$AC$4:$OC$4,"<>"&"Fri",'Project Follow up - Base'!$AC$4:$OC$4,"<>"&"Sat",'Project Follow up - Base'!$AC$3:$OC$3,"<>"&List!$L$3,'Project Follow up - Base'!$AC$3:$OC$3,"<>"&List!$L$4,'Project Follow up - Base'!$AC$3:$OC$3,"<>"&List!$L$5,'Project Follow up - Base'!$AC$3:$OC$3,"<>"&List!$L$6,'Project Follow up - Base'!$AC$3:$OC$3,"<>"&List!$L$7,'Project Follow up - Base'!$AC$3:$OC$3,"<>"&List!$L$8,'Project Follow up - Base'!$AC$3:$OC$3,"<>"&List!$L$9,'Project Follow up - Base'!$AC$3:$OC$3,"<>"&List!$L$10,'Project Follow up - Base'!$AC$3:$OC$3,"<>"&List!$L$11,'Project Follow up - Base'!$AC$3:$OC$3,"<>"&List!$L$12,'Project Follow up - Base'!$AC$3:$OC$3,"<>"&List!$L$13)) -> 0
A5: ='Project Follow up - Base'!$B$17 -> Studies | B5: ='Project Follow up - Base'!F21 | C5: =IF('Project Follow up - Base'!$N21="",0, COUNTIFS('Project Follow up - Base'!$AC21:$OC21,"<="&10,'Project Follow up - Base'!$AC21:$OC21,">="&-10,'Project Follow up - Base'!$AC$3:$OC$3,">="&DATE(YEAR(C$3),MONTH(C$3),1),'Project Follow up - Base'!$AC$3:$OC$3,"<="&(DATE(YEAR(C$3),MONTH(C$3)+1,1)-1),'Project Follow up - Base'!$AC$4:$OC$4,"<>"&"Fri",'Project Follow up - Base'!$AC$4:$OC$4,"<>"&"Sat",'Project Follow up - Base'!$AC$3:$OC$3,"<>"&List!$L$3,'Project Follow up - Base'!$AC$3:$OC$3,"<>"&List!$L$4,'Project Follow up - Base'!$AC$3:$OC$3,"<>"&List!$L$5,'Project Follow up - Base'!$AC$3:$OC$3,"<>"&List!$L$6,'Project Follow up - Base'!$AC$3:$OC$3,"<>"&List!$L$7,'Project Follow up - Base'!$AC$3:$OC$3,"<>"&List!$L$8,'Project Follow up - Base'!$AC$3:$OC$3,"<>"&List!$L$9,'Project Follow up - Base'!$AC$3:$OC$3,"<>"&List!$L$10,'Project Follow up - Base'!$AC$3:$OC$3,"<>"&List!$L$11,'Project Follow up - Base'!$AC$3:$OC$3,"<>"&List!$L$12,'Project Follow up - Base'!$AC$3:$OC$3,"<>"&List!$L$13)) -> 0 | D5: =IF('Project Follow up - Base'!$N21="",0, COUNTIFS('Project Follow up - Base'!$AC21:$OC21,"<="&10,'Project Follow up - Base'!$AC21:$OC21,">="&-10,'Project Follow up - Base'!$AC$3:$OC$3,">="&DATE(YEAR(D$3),MONTH(D$3),1),'Project Follow up - Base'!$AC$3:$OC$3,"<="&(DATE(YEAR(D$3),MONTH(D$3)+1,1)-1),'Project Follow up - Base'!$AC$4:$OC$4,"<>"&"Fri",'Project Follow up - Base'!$AC$4:$OC$4,"<>"&"Sat",'Project Follow up - Base'!$AC$3:$OC$3,"<>"&List!$L$3,'Project Follow up - Base'!$AC$3:$OC$3,"<>"&List!$L$4,'Project Follow up - Base'!$AC$3:$OC$3,"<>"&List!$L$5,'Project Follow up - Base'!$AC$3:$OC$3,"<>"&List!$L$6,'Project Follow up - Base'!$AC$3:$OC$3,"<>"&List!$L$7,'Project Follow up - Base'!$AC$3:$OC$3,"<>"&List!$L$8,'Project Follow up - Base'!$AC$3:$OC$3,"<>"&List!$L$9,'Project Follow up - Base'!$AC$3:$OC$3,"<>"&List!$L$10,'Project Follow up - Base'!$AC$3:$OC$3,"<>"&List!$L$11,'Project Follow up - Base'!$AC$3:$OC$3,"<>"&List!$L$12,'Project Follow up - Base'!$AC$3:$OC$3,"<>"&List!$L$13)) -> 0 | E5: =IF('Project Follow up - Base'!$N21="",0, COUNTIFS('Project Follow up - Base'!$AC21:$OC21,"<="&10,'Project Follow up - Base'!$AC21:$OC21,">="&-10,'Project Follow up - Base'!$AC$3:$OC$3,">="&DATE(YEAR(E$3),MONTH(E$3),1),'Project Follow up - Base'!$AC$3:$OC$3,"<="&(DATE(YEAR(E$3),MONTH(E$3)+1,1)-1),'Project Follow up - Base'!$AC$4:$OC$4,"<>"&"Fri",'Project Follow up - Base'!$AC$4:$OC$4,"<>"&"Sat",'Project Follow up - Base'!$AC$3:$OC$3,"<>"&List!$L$3,'Project Follow up - Base'!$AC$3:$OC$3,"<>"&List!$L$4,'Project Follow up - Base'!$AC$3:$OC$3,"<>"&List!$L$5,'Project Follow up - Base'!$AC$3:$OC$3,"<>"&List!$L$6,'Project Follow up - Base'!$AC$3:$OC$3,"<>"&List!$L$7,'Project Follow up - Base'!$AC$3:$OC$3,"<>"&List!$L$8,'Project Follow up - Base'!$AC$3:$OC$3,"<>"&List!$L$9,'Project Follow up - Base'!$AC$3:$OC$3,"<>"&List!$L$10,'Project Follow up - Base'!$AC$3:$OC$3,"<>"&List!$L$11,'Project Follow up - Base'!$AC$3:$OC$3,"<>"&List!$L$12,'Project Follow up - Base'!$AC$3:$OC$3,"<>"&List!$L$13)) -> 1 | F5: =IF('Project Follow up - Base'!$N21="",0, COUNTIFS('Project Follow up - Base'!$AC21:$OC21,"<="&10,'Project Follow up - Base'!$AC21:$OC21,">="&-10,'Project Follow up - Base'!$AC$3:$OC$3,">="&DATE(YEAR(F$3),MONTH(F$3),1),'Project Follow up - Base'!$AC$3:$OC$3,"<="&(DATE(YEAR(F$3),MONTH(F$3)+1,1)-1),'Project Follow up - Base'!$AC$4:$OC$4,"<>"&"Fri",'Project Follow up - Base'!$AC$4:$OC$4,"<>"&"Sat",'Project Follow up - Base'!$AC$3:$OC$3,"<>"&List!$L$3,'Project Follow up - Base'!$AC$3:$OC$3,"<>"&List!$L$4,'Project Follow up - Base'!$AC$3:$OC$3,"<>"&List!$L$5,'Project Follow up - Base'!$AC$3:$OC$3,"<>"&List!$L$6,'Project Follow up - Base'!$AC$3:$OC$3,"<>"&List!$L$7,'Project Follow up - Base'!$AC$3:$OC$3,"<>"&List!$L$8,'Project Follow up - Base'!$AC$3:$OC$3,"<>"&List!$L$9,'Project Follow up - Base'!$AC$3:$OC$3,"<>"&List!$L$10,'Project Follow up - Base'!$AC$3:$OC$3,"<>"&List!$L$11,'Project Follow up - Base'!$AC$3:$OC$3,"<>"&List!$L$12,'Project Follow up - Base'!$AC$3:$OC$3,"<>"&List!$L$13)) -> 0 | G5: =IF('Project Follow up - Base'!$N21="",0, COUNTIFS('Project Follow up - Base'!$AC21:$OC21,"<="&10,'Project Follow up - Base'!$AC21:$OC21,">="&-10,'Project Follow up - Base'!$AC$3:$OC$3,">="&DATE(YEAR(G$3),MONTH(G$3),1),'Project Follow up - Base'!$AC$3:$OC$3,"<="&(DATE(YEAR(G$3),MONTH(G$3)+1,1)-1),'Project Follow up - Base'!$AC$4:$OC$4,"<>"&"Fri",'Project Follow up - Base'!$AC$4:$OC$4,"<>"&"Sat",'Project Follow up - Base'!$AC$3:$OC$3,"<>"&List!$L$3,'Project Follow up - Base'!$AC$3:$OC$3,"<>"&List!$L$4,'Project Follow up - Base'!$AC$3:$OC$3,"<>"&List!$L$5,'Project Follow up - Base'!$AC$3:$OC$3,"<>"&List!$L$6,'Project Follow up - Base'!$AC$3:$OC$3,"<>"&List!$L$7,'Project Follow up - Base'!$AC$3:$OC$3,"<>"&List!$L$8,'Project Follow up - Base'!$AC$3:$OC$3,"<>"&List!$L$9,'Project Follow up - Base'!$AC$3:$OC$3,"<>"&List!$L$10,'Project Follow up - Base'!$AC$3:$OC$3,"<>"&List!$L$11,'Project Follow up - Base'!$AC$3:$OC$3,"<>"&List!$L$12,'Project Follow up - Base'!$AC$3:$OC$3,"<>"&List!$L$13)) -> 0 | H5: =IF('Project Follow up - Base'!$N21="",0, COUNTIFS('Project Follow up - Base'!$AC21:$OC21,"<="&10,'Project Follow up - Base'!$AC21:$OC21,">="&-10,'Project Follow up - Base'!$AC$3:$OC$3,">="&DATE(YEAR(H$3),MONTH(H$3),1),'Project Follow up - Base'!$AC$3:$OC$3,"<="&(DATE(YEAR(H$3),MONTH(H$3)+1,1)-1),'Project Follow up - Base'!$AC$4:$OC$4,"<>"&"Fri",'Project Follow up - Base'!$AC$4:$OC$4,"<>"&"Sat",'Project Follow up - Base'!$AC$3:$OC$3,"<>"&List!$L$3,'Project Follow up - Base'!$AC$3:$OC$3,"<>"&List!$L$4,'Project Follow up - Base'!$AC$3:$OC$3,"<>"&List!$L$5,'Project Follow up - Base'!$AC$3:$OC$3,"<>"&List!$L$6,'Project Follow up - Base'!$AC$3:$OC$3,"<>"&List!$L$7,'Project Follow up - Base'!$AC$3:$OC$3,"<>"&List!$L$8,'Project Follow up - Base'!$AC$3:$OC$3,"<>"&List!$L$9,'Project Follow up - Base'!$AC$3:$OC$3,"<>"&List!$L$10,'Project Follow up - Base'!$AC$3:$OC$3,"<>"&List!$L$11,'Project Follow up - Base'!$AC$3:$OC$3,"<>"&List!$L$12,'Project Follow up - Base'!$AC$3:$OC$3,"<>"&List!$L$13)) -> 0 | I5: =IF('Project Follow up - Base'!$N21="",0, COUNTIFS('Project Follow up - Base'!$AC21:$OC21,"<="&10,'Project Follow up - Base'!$AC21:$OC21,">="&-10,'Project Follow up - Base'!$AC$3:$OC$3,">="&DATE(YEAR(I$3),MONTH(I$3),1),'Project Follow up - Base'!$AC$3:$OC$3,"<="&(DATE(YEAR(I$3),MONTH(I$3)+1,1)-1),'Project Follow up - Base'!$AC$4:$OC$4,"<>"&"Fri",'Project Follow up - Base'!$AC$4:$OC$4,"<>"&"Sat",'Project Follow up - Base'!$AC$3:$OC$3,"<>"&List!$L$3,'Project Follow up - Base'!$AC$3:$OC$3,"<>"&List!$L$4,'Project Follow up - Base'!$AC$3:$OC$3,"<>"&List!$L$5,'Project Follow up - Base'!$AC$3:$OC$3,"<>"&List!$L$6,'Project Follow up - Base'!$AC$3:$OC$3,"<>"&List!$L$7,'Project Follow up - Base'!$AC$3:$OC$3,"<>"&List!$L$8,'Project Follow up - Base'!$AC$3:$OC$3,"<>"&List!$L$9,'Project Follow up - Base'!$AC$3:$OC$3,"<>"&List!$L$10,'Project Follow up - Base'!$AC$3:$OC$3,"<>"&List!$L$11,'Project Follow up - Base'!$AC$3:$OC$3,"<>"&List!$L$12,'Project Follow up - Base'!$AC$3:$OC$3,"<>"&List!$L$13)) -> 0 | J5: =IF('Project Follow up - Base'!$N21="",0, COUNTIFS('Project Follow up - Base'!$AC21:$OC21,"<="&10,'Project Follow up - Base'!$AC21:$OC21,">="&-10,'Project Follow up - Base'!$AC$3:$OC$3,">="&DATE(YEAR(J$3),MONTH(J$3),1),'Project Follow up - Base'!$AC$3:$OC$3,"<="&(DATE(YEAR(J$3),MONTH(J$3)+1,1)-1),'Project Follow up - Base'!$AC$4:$OC$4,"<>"&"Fri",'Project Follow up - Base'!$AC$4:$OC$4,"<>"&"Sat",'Project Follow up - Base'!$AC$3:$OC$3,"<>"&List!$L$3,'Project Follow up - Base'!$AC$3:$OC$3,"<>"&List!$L$4,'Project Follow up - Base'!$AC$3:$OC$3,"<>"&List!$L$5,'Project Follow up - Base'!$AC$3:$OC$3,"<>"&List!$L$6,'Project Follow up - Base'!$AC$3:$OC$3,"<>"&List!$L$7,'Project Follow up - Base'!$AC$3:$OC$3,"<>"&List!$L$8,'Project Follow up - Base'!$AC$3:$OC$3,"<>"&List!$L$9,'Project Follow up - Base'!$AC$3:$OC$3,"<>"&List!$L$10,'Project Follow up - Base'!$AC$3:$OC$3,"<>"&List!$L$11,'Project Follow up - Base'!$AC$3:$OC$3,"<>"&List!$L$12,'Project Follow up - Base'!$AC$3:$OC$3,"<>"&List!$L$13)) -> 0 | ... AL5: =IF('Project Follow up - Base'!$N21="",0, COUNTIFS('Project Follow up - Base'!$AC21:$OC21,"<="&10,'Project Follow up - Base'!$AC21:$OC21,">="&-10,'Project Follow up - Base'!$AC$3:$OC$3,">="&DATE(YEAR(AL$3),MONTH(AL$3),1),'Project Follow up - Base'!$AC$3:$OC$3,"<="&(DATE(YEAR(AL$3),MONTH(AL$3)+1,1)-1),'Project Follow up - Base'!$AC$4:$OC$4,"<>"&"Fri",'Project Follow up - Base'!$AC$4:$OC$4,"<>"&"Sat",'Project Follow up - Base'!$AC$3:$OC$3,"<>"&List!$L$3,'Project Follow up - Base'!$AC$3:$OC$3,"<>"&List!$L$4,'Project Follow up - Base'!$AC$3:$OC$3,"<>"&List!$L$5,'Project Follow up - Base'!$AC$3:$OC$3,"<>"&List!$L$6,'Project Follow up - Base'!$AC$3:$OC$3,"<>"&List!$L$7,'Project Follow up - Base'!$AC$3:$OC$3,"<>"&List!$L$8,'Project Follow up - Base'!$AC$3:$OC$3,"<>"&List!$L$9,'Project Follow up - Base'!$AC$3:$OC$3,"<>"&List!$L$10,'Project Follow up - Base'!$AC$3:$OC$3,"<>"&List!$L$11,'Project Follow up - Base'!$AC$3:$OC$3,"<>"&List!$L$12,'Project Follow up - Base'!$AC$3:$OC$3,"<>"&List!$L$13)) -> 0
A6: ='Project Follow up - Base'!$B$17 -> Studies | B6: ='Project Follow up - Base'!F22 -> Abdulrahman Bukees | C6: =IF('Project Follow up - Base'!$N22="",0, COUNTIFS('Project Follow up - Base'!$AC22:$OC22,"<="&10,'Project Follow up - Base'!$AC22:$OC22,">="&-10,'Project Follow up - Base'!$AC$3:$OC$3,">="&DATE(YEAR(C$3),MONTH(C$3),1),'Project Follow up - Base'!$AC$3:$OC$3,"<="&(DATE(YEAR(C$3),MONTH(C$3)+1,1)-1),'Project Follow up - Base'!$AC$4:$OC$4,"<>"&"Fri",'Project Follow up - Base'!$AC$4:$OC$4,"<>"&"Sat",'Project Follow up - Base'!$AC$3:$OC$3,"<>"&List!$L$3,'Project Follow up - Base'!$AC$3:$OC$3,"<>"&List!$L$4,'Project Follow up - Base'!$AC$3:$OC$3,"<>"&List!$L$5,'Project Follow up - Base'!$AC$3:$OC$3,"<>"&List!$L$6,'Project Follow up - Base'!$AC$3:$OC$3,"<>"&List!$L$7,'Project Follow up - Base'!$AC$3:$OC$3,"<>"&List!$L$8,'Project Follow up - Base'!$AC$3:$OC$3,"<>"&List!$L$9,'Project Follow up - Base'!$AC$3:$OC$3,"<>"&List!$L$10,'Project Follow up - Base'!$AC$3:$OC$3,"<>"&List!$L$11,'Project Follow up - Base'!$AC$3:$OC$3,"<>"&List!$L$12,'Project Follow up - Base'!$AC$3:$OC$3,"<>"&List!$L$13)) -> 0 | D6: =IF('Project Follow up - Base'!$N22="",0, COUNTIFS('Project Follow up - Base'!$AC22:$OC22,"<="&10,'Project Follow up - Base'!$AC22:$OC22,">="&-10,'Project Follow up - Base'!$AC$3:$OC$3,">="&DATE(YEAR(D$3),MONTH(D$3),1),'Project Follow up - Base'!$AC$3:$OC$3,"<="&(DATE(YEAR(D$3),MONTH(D$3)+1,1)-1),'Project Follow up - Base'!$AC$4:$OC$4,"<>"&"Fri",'Project Follow up - Base'!$AC$4:$OC$4,"<>"&"Sat",'Project Follow up - Base'!$AC$3:$OC$3,"<>"&List!$L$3,'Project Follow up - Base'!$AC$3:$OC$3,"<>"&List!$L$4,'Project Follow up - Base'!$AC$3:$OC$3,"<>"&List!$L$5,'Project Follow up - Base'!$AC$3:$OC$3,"<>"&List!$L$6,'Project Follow up - Base'!$AC$3:$OC$3,"<>"&List!$L$7,'Project Follow up - Base'!$AC$3:$OC$3,"<>"&List!$L$8,'Project Follow up - Base'!$AC$3:$OC$3,"<>"&List!$L$9,'Project Follow up - Base'!$AC$3:$OC$3,"<>"&List!$L$10,'Project Follow up - Base'!$AC$3:$OC$3,"<>"&List!$L$11,'Project Follow up - Base'!$AC$3:$OC$3,"<>"&List!$L$12,'Project Follow up - Base'!$AC$3:$OC$3,"<>"&List!$L$13)) -> 0 | E6: =IF('Project Follow up - Base'!$N22="",0, COUNTIFS('Project Follow up - Base'!$AC22:$OC22,"<="&10,'Project Follow up - Base'!$AC22:$OC22,">="&-10,'Project Follow up - Base'!$AC$3:$OC$3,">="&DATE(YEAR(E$3),MONTH(E$3),1),'Project Follow up - Base'!$AC$3:$OC$3,"<="&(DATE(YEAR(E$3),MONTH(E$3)+1,1)-1),'Project Follow up - Base'!$AC$4:$OC$4,"<>"&"Fri",'Project Follow up - Base'!$AC$4:$OC$4,"<>"&"Sat",'Project Follow up - Base'!$AC$3:$OC$3,"<>"&List!$L$3,'Project Follow up - Base'!$AC$3:$OC$3,"<>"&List!$L$4,'Project Follow up - Base'!$AC$3:$OC$3,"<>"&List!$L$5,'Project Follow up - Base'!$AC$3:$OC$3,"<>"&List!$L$6,'Project Follow up - Base'!$AC$3:$OC$3,"<>"&List!$L$7,'Project Follow up - Base'!$AC$3:$OC$3,"<>"&List!$L$8,'Project Follow up - Base'!$AC$3:$OC$3,"<>"&List!$L$9,'Project Follow up - Base'!$AC$3:$OC$3,"<>"&List!$L$10,'Project Follow up - Base'!$AC$3:$OC$3,"<>"&List!$L$11,'Project Follow up - Base'!$AC$3:$OC$3,"<>"&List!$L$12,'Project Follow up - Base'!$AC$3:$OC$3,"<>"&List!$L$13)) -> 6 | F6: =IF('Project Follow up - Base'!$N22="",0, COUNTIFS('Project Follow up - Base'!$AC22:$OC22,"<="&10,'Project Follow up - Base'!$AC22:$OC22,">="&-10,'Project Follow up - Base'!$AC$3:$OC$3,">="&DATE(YEAR(F$3),MONTH(F$3),1),'Project Follow up - Base'!$AC$3:$OC$3,"<="&(DATE(YEAR(F$3),MONTH(F$3)+1,1)-1),'Project Follow up - Base'!$AC$4:$OC$4,"<>"&"Fri",'Project Follow up - Base'!$AC$4:$OC$4,"<>"&"Sat",'Project Follow up - Base'!$AC$3:$OC$3,"<>"&List!$L$3,'Project Follow up - Base'!$AC$3:$OC$3,"<>"&List!$L$4,'Project Follow up - Base'!$AC$3:$OC$3,"<>"&List!$L$5,'Project Follow up - Base'!$AC$3:$OC$3,"<>"&List!$L$6,'Project Follow up - Base'!$AC$3:$OC$3,"<>"&List!$L$7,'Project Follow up - Base'!$AC$3:$OC$3,"<>"&List!$L$8,'Project Follow up - Base'!$AC$3:$OC$3,"<>"&List!$L$9,'Project Follow up - Base'!$AC$3:$OC$3,"<>"&List!$L$10,'Project Follow up - Base'!$AC$3:$OC$3,"<>"&List!$L$11,'Project Follow up - Base'!$AC$3:$OC$3,"<>"&List!$L$12,'Project Follow up - Base'!$AC$3:$OC$3,"<>"&List!$L$13)) -> 0 | G6: =IF('Project Follow up - Base'!$N22="",0, COUNTIFS('Project Follow up - Base'!$AC22:$OC22,"<="&10,'Project Follow up - Base'!$AC22:$OC22,">="&-10,'Project Follow up - Base'!$AC$3:$OC$3,">="&DATE(YEAR(G$3),MONTH(G$3),1),'Project Follow up - Base'!$AC$3:$OC$3,"<="&(DATE(YEAR(G$3),MONTH(G$3)+1,1)-1),'Project Follow up - Base'!$AC$4:$OC$4,"<>"&"Fri",'Project Follow up - Base'!$AC$4:$OC$4,"<>"&"Sat",'Project Follow up - Base'!$AC$3:$OC$3,"<>"&List!$L$3,'Project Follow up - Base'!$AC$3:$OC$3,"<>"&List!$L$4,'Project Follow up - Base'!$AC$3:$OC$3,"<>"&List!$L$5,'Project Follow up - Base'!$AC$3:$OC$3,"<>"&List!$L$6,'Project Follow up - Base'!$AC$3:$OC$3,"<>"&List!$L$7,'Project Follow up - Base'!$AC$3:$OC$3,"<>"&List!$L$8,'Project Follow up - Base'!$AC$3:$OC$3,"<>"&List!$L$9,'Project Follow up - Base'!$AC$3:$OC$3,"<>"&List!$L$10,'Project Follow up - Base'!$AC$3:$OC$3,"<>"&List!$L$11,'Project Follow up - Base'!$AC$3:$OC$3,"<>"&List!$L$12,'Project Follow up - Base'!$AC$3:$OC$3,"<>"&List!$L$13)) -> 0 | H6: =IF('Project Follow up - Base'!$N22="",0, COUNTIFS('Project Follow up - Base'!$AC22:$OC22,"<="&10,'Project Follow up - Base'!$AC22:$OC22,">="&-10,'Project Follow up - Base'!$AC$3:$OC$3,">="&DATE(YEAR(H$3),MONTH(H$3),1),'Project Follow up - Base'!$AC$3:$OC$3,"<="&(DATE(YEAR(H$3),MONTH(H$3)+1,1)-1),'Project Follow up - Base'!$AC$4:$OC$4,"<>"&"Fri",'Project Follow up - Base'!$AC$4:$OC$4,"<>"&"Sat",'Project Follow up - Base'!$AC$3:$OC$3,"<>"&List!$L$3,'Project Follow up - Base'!$AC$3:$OC$3,"<>"&List!$L$4,'Project Follow up - Base'!$AC$3:$OC$3,"<>"&List!$L$5,'Project Follow up - Base'!$AC$3:$OC$3,"<>"&List!$L$6,'Project Follow up - Base'!$AC$3:$OC$3,"<>"&List!$L$7,'Project Follow up - Base'!$AC$3:$OC$3,"<>"&List!$L$8,'Project Follow up - Base'!$AC$3:$OC$3,"<>"&List!$L$9,'Project Follow up - Base'!$AC$3:$OC$3,"<>"&List!$L$10,'Project Follow up - Base'!$AC$3:$OC$3,"<>"&List!$L$11,'Project Follow up - Base'!$AC$3:$OC$3,"<>"&List!$L$12,'Project Follow up - Base'!$AC$3:$OC$3,"<>"&List!$L$13)) -> 0 | I6: =IF('Project Follow up - Base'!$N22="",0, COUNTIFS('Project Follow up - Base'!$AC22:$OC22,"<="&10,'Project Follow up - Base'!$AC22:$OC22,">="&-10,'Project Follow up - Base'!$AC$3:$OC$3,">="&DATE(YEAR(I$3),MONTH(I$3),1),'Project Follow up - Base'!$AC$3:$OC$3,"<="&(DATE(YEAR(I$3),MONTH(I$3)+1,1)-1),'Project Follow up - Base'!$AC$4:$OC$4,"<>"&"Fri",'Project Follow up - Base'!$AC$4:$OC$4,"<>"&"Sat",'Project Follow up - Base'!$AC$3:$OC$3,"<>"&List!$L$3,'Project Follow up - Base'!$AC$3:$OC$3,"<>"&List!$L$4,'Project Follow up - Base'!$AC$3:$OC$3,"<>"&List!$L$5,'Project Follow up - Base'!$AC$3:$OC$3,"<>"&List!$L$6,'Project Follow up - Base'!$AC$3:$OC$3,"<>"&List!$L$7,'Project Follow up - Base'!$AC$3:$OC$3,"<>"&List!$L$8,'Project Follow up - Base'!$AC$3:$OC$3,"<>"&List!$L$9,'Project Follow up - Base'!$AC$3:$OC$3,"<>"&List!$L$10,'Project Follow up - Base'!$AC$3:$OC$3,"<>"&List!$L$11,'Project Follow up - Base'!$AC$3:$OC$3,"<>"&List!$L$12,'Project Follow up - Base'!$AC$3:$OC$3,"<>"&List!$L$13)) -> 0 | J6: =IF('Project Follow up - Base'!$N22="",0, COUNTIFS('Project Follow up - Base'!$AC22:$OC22,"<="&10,'Project Follow up - Base'!$AC22:$OC22,">="&-10,'Project Follow up - Base'!$AC$3:$OC$3,">="&DATE(YEAR(J$3),MONTH(J$3),1),'Project Follow up - Base'!$AC$3:$OC$3,"<="&(DATE(YEAR(J$3),MONTH(J$3)+1,1)-1),'Project Follow up - Base'!$AC$4:$OC$4,"<>"&"Fri",'Project Follow up - Base'!$AC$4:$OC$4,"<>"&"Sat",'Project Follow up - Base'!$AC$3:$OC$3,"<>"&List!$L$3,'Project Follow up - Base'!$AC$3:$OC$3,"<>"&List!$L$4,'Project Follow up - Base'!$AC$3:$OC$3,"<>"&List!$L$5,'Project Follow up - Base'!$AC$3:$OC$3,"<>"&List!$L$6,'Project Follow up - Base'!$AC$3:$OC$3,"<>"&List!$L$7,'Project Follow up - Base'!$AC$3:$OC$3,"<>"&List!$L$8,'Project Follow up - Base'!$AC$3:$OC$3,"<>"&List!$L$9,'Project Follow up - Base'!$AC$3:$OC$3,"<>"&List!$L$10,'Project Follow up - Base'!$AC$3:$OC$3,"<>"&List!$L$11,'Project Follow up - Base'!$AC$3:$OC$3,"<>"&List!$L$12,'Project Follow up - Base'!$AC$3:$OC$3,"<>"&List!$L$13)) -> 0 | ... AL6: =IF('Project Follow up - Base'!$N22="",0, COUNTIFS('Project Follow up - Base'!$AC22:$OC22,"<="&10,'Project Follow up - Base'!$AC22:$OC22,">="&-10,'Project Follow up - Base'!$AC$3:$OC$3,">="&DATE(YEAR(AL$3),MONTH(AL$3),1),'Project Follow up - Base'!$AC$3:$OC$3,"<="&(DATE(YEAR(AL$3),MONTH(AL$3)+1,1)-1),'Project Follow up - Base'!$AC$4:$OC$4,"<>"&"Fri",'Project Follow up - Base'!$AC$4:$OC$4,"<>"&"Sat",'Project Follow up - Base'!$AC$3:$OC$3,"<>"&List!$L$3,'Project Follow up - Base'!$AC$3:$OC$3,"<>"&List!$L$4,'Project Follow up - Base'!$AC$3:$OC$3,"<>"&List!$L$5,'Project Follow up - Base'!$AC$3:$OC$3,"<>"&List!$L$6,'Project Follow up - Base'!$AC$3:$OC$3,"<>"&List!$L$7,'Project Follow up - Base'!$AC$3:$OC$3,"<>"&List!$L$8,'Project Follow up - Base'!$AC$3:$OC$3,"<>"&List!$L$9,'Project Follow up - Base'!$AC$3:$OC$3,"<>"&List!$L$10,'Project Follow up - Base'!$AC$3:$OC$3,"<>"&List!$L$11,'Project Follow up - Base'!$AC$3:$OC$3,"<>"&List!$L$12,'Project Follow up - Base'!$AC$3:$OC$3,"<>"&List!$L$13)) -> 0
A7: ='Project Follow up - Base'!$B$17 -> Studies | B7: ='Project Follow up - Base'!F23 | C7: =IF('Project Follow up - Base'!$N23="",0, COUNTIFS('Project Follow up - Base'!$AC23:$OC23,"<="&10,'Project Follow up - Base'!$AC23:$OC23,">="&-10,'Project Follow up - Base'!$AC$3:$OC$3,">="&DATE(YEAR(C$3),MONTH(C$3),1),'Project Follow up - Base'!$AC$3:$OC$3,"<="&(DATE(YEAR(C$3),MONTH(C$3)+1,1)-1),'Project Follow up - Base'!$AC$4:$OC$4,"<>"&"Fri",'Project Follow up - Base'!$AC$4:$OC$4,"<>"&"Sat",'Project Follow up - Base'!$AC$3:$OC$3,"<>"&List!$L$3,'Project Follow up - Base'!$AC$3:$OC$3,"<>"&List!$L$4,'Project Follow up - Base'!$AC$3:$OC$3,"<>"&List!$L$5,'Project Follow up - Base'!$AC$3:$OC$3,"<>"&List!$L$6,'Project Follow up - Base'!$AC$3:$OC$3,"<>"&List!$L$7,'Project Follow up - Base'!$AC$3:$OC$3,"<>"&List!$L$8,'Project Follow up - Base'!$AC$3:$OC$3,"<>"&List!$L$9,'Project Follow up - Base'!$AC$3:$OC$3,"<>"&List!$L$10,'Project Follow up - Base'!$AC$3:$OC$3,"<>"&List!$L$11,'Project Follow up - Base'!$AC$3:$OC$3,"<>"&List!$L$12,'Project Follow up - Base'!$AC$3:$OC$3,"<>"&List!$L$13)) -> 0 | D7: =IF('Project Follow up - Base'!$N23="",0, COUNTIFS('Project Follow up - Base'!$AC23:$OC23,"<="&10,'Project Follow up - Base'!$AC23:$OC23,">="&-10,'Project Follow up - Base'!$AC$3:$OC$3,">="&DATE(YEAR(D$3),MONTH(D$3),1),'Project Follow up - Base'!$AC$3:$OC$3,"<="&(DATE(YEAR(D$3),MONTH(D$3)+1,1)-1),'Project Follow up - Base'!$AC$4:$OC$4,"<>"&"Fri",'Project Follow up - Base'!$AC$4:$OC$4,"<>"&"Sat",'Project Follow up - Base'!$AC$3:$OC$3,"<>"&List!$L$3,'Project Follow up - Base'!$AC$3:$OC$3,"<>"&List!$L$4,'Project Follow up - Base'!$AC$3:$OC$3,"<>"&List!$L$5,'Project Follow up - Base'!$AC$3:$OC$3,"<>"&List!$L$6,'Project Follow up - Base'!$AC$3:$OC$3,"<>"&List!$L$7,'Project Follow up - Base'!$AC$3:$OC$3,"<>"&List!$L$8,'Project Follow up - Base'!$AC$3:$OC$3,"<>"&List!$L$9,'Project Follow up - Base'!$AC$3:$OC$3,"<>"&List!$L$10,'Project Follow up - Base'!$AC$3:$OC$3,"<>"&List!$L$11,'Project Follow up - Base'!$AC$3:$OC$3,"<>"&List!$L$12,'Project Follow up - Base'!$AC$3:$OC$3,"<>"&List!$L$13)) -> 0 | E7: =IF('Project Follow up - Base'!$N23="",0, COUNTIFS('Project Follow up - Base'!$AC23:$OC23,"<="&10,'Project Follow up - Base'!$AC23:$OC23,">="&-10,'Project Follow up - Base'!$AC$3:$OC$3,">="&DATE(YEAR(E$3),MONTH(E$3),1),'Project Follow up - Base'!$AC$3:$OC$3,"<="&(DATE(YEAR(E$3),MONTH(E$3)+1,1)-1),'Project Follow up - Base'!$AC$4:$OC$4,"<>"&"Fri",'Project Follow up - Base'!$AC$4:$OC$4,"<>"&"Sat",'Project Follow up - Base'!$AC$3:$OC$3,"<>"&List!$L$3,'Project Follow up - Base'!$AC$3:$OC$3,"<>"&List!$L$4,'Project Follow up - Base'!$AC$3:$OC$3,"<>"&List!$L$5,'Project Follow up - Base'!$AC$3:$OC$3,"<>"&List!$L$6,'Project Follow up - Base'!$AC$3:$OC$3,"<>"&List!$L$7,'Project Follow up - Base'!$AC$3:$OC$3,"<>"&List!$L$8,'Project Follow up - Base'!$AC$3:$OC$3,"<>"&List!$L$9,'Project Follow up - Base'!$AC$3:$OC$3,"<>"&List!$L$10,'Project Follow up - Base'!$AC$3:$OC$3,"<>"&List!$L$11,'Project Follow up - Base'!$AC$3:$OC$3,"<>"&List!$L$12,'Project Follow up - Base'!$AC$3:$OC$3,"<>"&List!$L$13)) -> 1 | F7: =IF('Project Follow up - Base'!$N23="",0, COUNTIFS('Project Follow up - Base'!$AC23:$OC23,"<="&10,'Project Follow up - Base'!$AC23:$OC23,">="&-10,'Project Follow up - Base'!$AC$3:$OC$3,">="&DATE(YEAR(F$3),MONTH(F$3),1),'Project Follow up - Base'!$AC$3:$OC$3,"<="&(DATE(YEAR(F$3),MONTH(F$3)+1,1)-1),'Project Follow up - Base'!$AC$4:$OC$4,"<>"&"Fri",'Project Follow up - Base'!$AC$4:$OC$4,"<>"&"Sat",'Project Follow up - Base'!$AC$3:$OC$3,"<>"&List!$L$3,'Project Follow up - Base'!$AC$3:$OC$3,"<>"&List!$L$4,'Project Follow up - Base'!$AC$3:$OC$3,"<>"&List!$L$5,'Project Follow up - Base'!$AC$3:$OC$3,"<>"&List!$L$6,'Project Follow up - Base'!$AC$3:$OC$3,"<>"&List!$L$7,'Project Follow up - Base'!$AC$3:$OC$3,"<>"&List!$L$8,'Project Follow up - Base'!$AC$3:$OC$3,"<>"&List!$L$9,'Project Follow up - Base'!$AC$3:$OC$3,"<>"&List!$L$10,'Project Follow up - Base'!$AC$3:$OC$3,"<>"&List!$L$11,'Project Follow up - Base'!$AC$3:$OC$3,"<>"&List!$L$12,'Project Follow up - Base'!$AC$3:$OC$3,"<>"&List!$L$13)) -> 0 | G7: =IF('Project Follow up - Base'!$N23="",0, COUNTIFS('Project Follow up - Base'!$AC23:$OC23,"<="&10,'Project Follow up - Base'!$AC23:$OC23,">="&-10,'Project Follow up - Base'!$AC$3:$OC$3,">="&DATE(YEAR(G$3),MONTH(G$3),1),'Project Follow up - Base'!$AC$3:$OC$3,"<="&(DATE(YEAR(G$3),MONTH(G$3)+1,1)-1),'Project Follow up - Base'!$AC$4:$OC$4,"<>"&"Fri",'Project Follow up - Base'!$AC$4:$OC$4,"<>"&"Sat",'Project Follow up - Base'!$AC$3:$OC$3,"<>"&List!$L$3,'Project Follow up - Base'!$AC$3:$OC$3,"<>"&List!$L$4,'Project Follow up - Base'!$AC$3:$OC$3,"<>"&List!$L$5,'Project Follow up - Base'!$AC$3:$OC$3,"<>"&List!$L$6,'Project Follow up - Base'!$AC$3:$OC$3,"<>"&List!$L$7,'Project Follow up - Base'!$AC$3:$OC$3,"<>"&List!$L$8,'Project Follow up - Base'!$AC$3:$OC$3,"<>"&List!$L$9,'Project Follow up - Base'!$AC$3:$OC$3,"<>"&List!$L$10,'Project Follow up - Base'!$AC$3:$OC$3,"<>"&List!$L$11,'Project Follow up - Base'!$AC$3:$OC$3,"<>"&List!$L$12,'Project Follow up - Base'!$AC$3:$OC$3,"<>"&List!$L$13)) -> 0 | H7: =IF('Project Follow up - Base'!$N23="",0, COUNTIFS('Project Follow up - Base'!$AC23:$OC23,"<="&10,'Project Follow up - Base'!$AC23:$OC23,">="&-10,'Project Follow up - Base'!$AC$3:$OC$3,">="&DATE(YEAR(H$3),MONTH(H$3),1),'Project Follow up - Base'!$AC$3:$OC$3,"<="&(DATE(YEAR(H$3),MONTH(H$3)+1,1)-1),'Project Follow up - Base'!$AC$4:$OC$4,"<>"&"Fri",'Project Follow up - Base'!$AC$4:$OC$4,"<>"&"Sat",'Project Follow up - Base'!$AC$3:$OC$3,"<>"&List!$L$3,'Project Follow up - Base'!$AC$3:$OC$3,"<>"&List!$L$4,'Project Follow up - Base'!$AC$3:$OC$3,"<>"&List!$L$5,'Project Follow up - Base'!$AC$3:$OC$3,"<>"&List!$L$6,'Project Follow up - Base'!$AC$3:$OC$3,"<>"&List!$L$7,'Project Follow up - Base'!$AC$3:$OC$3,"<>"&List!$L$8,'Project Follow up - Base'!$AC$3:$OC$3,"<>"&List!$L$9,'Project Follow up - Base'!$AC$3:$OC$3,"<>"&List!$L$10,'Project Follow up - Base'!$AC$3:$OC$3,"<>"&List!$L$11,'Project Follow up - Base'!$AC$3:$OC$3,"<>"&List!$L$12,'Project Follow up - Base'!$AC$3:$OC$3,"<>"&List!$L$13)) -> 0 | I7: =IF('Project Follow up - Base'!$N23="",0, COUNTIFS('Project Follow up - Base'!$AC23:$OC23,"<="&10,'Project Follow up - Base'!$AC23:$OC23,">="&-10,'Project Follow up - Base'!$AC$3:$OC$3,">="&DATE(YEAR(I$3),MONTH(I$3),1),'Project Follow up - Base'!$AC$3:$OC$3,"<="&(DATE(YEAR(I$3),MONTH(I$3)+1,1)-1),'Project Follow up - Base'!$AC$4:$OC$4,"<>"&"Fri",'Project Follow up - Base'!$AC$4:$OC$4,"<>"&"Sat",'Project Follow up - Base'!$AC$3:$OC$3,"<>"&List!$L$3,'Project Follow up - Base'!$AC$3:$OC$3,"<>"&List!$L$4,'Project Follow up - Base'!$AC$3:$OC$3,"<>"&List!$L$5,'Project Follow up - Base'!$AC$3:$OC$3,"<>"&List!$L$6,'Project Follow up - Base'!$AC$3:$OC$3,"<>"&List!$L$7,'Project Follow up - Base'!$AC$3:$OC$3,"<>"&List!$L$8,'Project Follow up - Base'!$AC$3:$OC$3,"<>"&List!$L$9,'Project Follow up - Base'!$AC$3:$OC$3,"<>"&List!$L$10,'Project Follow up - Base'!$AC$3:$OC$3,"<>"&List!$L$11,'Project Follow up - Base'!$AC$3:$OC$3,"<>"&List!$L$12,'Project Follow up - Base'!$AC$3:$OC$3,"<>"&List!$L$13)) -> 0 | J7: =IF('Project Follow up - Base'!$N23="",0, COUNTIFS('Project Follow up - Base'!$AC23:$OC23,"<="&10,'Project Follow up - Base'!$AC23:$OC23,">="&-10,'Project Follow up - Base'!$AC$3:$OC$3,">="&DATE(YEAR(J$3),MONTH(J$3),1),'Project Follow up - Base'!$AC$3:$OC$3,"<="&(DATE(YEAR(J$3),MONTH(J$3)+1,1)-1),'Project Follow up - Base'!$AC$4:$OC$4,"<>"&"Fri",'Project Follow up - Base'!$AC$4:$OC$4,"<>"&"Sat",'Project Follow up - Base'!$AC$3:$OC$3,"<>"&List!$L$3,'Project Follow up - Base'!$AC$3:$OC$3,"<>"&List!$L$4,'Project Follow up - Base'!$AC$3:$OC$3,"<>"&List!$L$5,'Project Follow up - Base'!$AC$3:$OC$3,"<>"&List!$L$6,'Project Follow up - Base'!$AC$3:$OC$3,"<>"&List!$L$7,'Project Follow up - Base'!$AC$3:$OC$3,"<>"&List!$L$8,'Project Follow up - Base'!$AC$3:$OC$3,"<>"&List!$L$9,'Project Follow up - Base'!$AC$3:$OC$3,"<>"&List!$L$10,'Project Follow up - Base'!$AC$3:$OC$3,"<>"&List!$L$11,'Project Follow up - Base'!$AC$3:$OC$3,"<>"&List!$L$12,'Project Follow up - Base'!$AC$3:$OC$3,"<>"&List!$L$13)) -> 0 | ... AL7: =IF('Project Follow up - Base'!$N23="",0, COUNTIFS('Project Follow up - Base'!$AC23:$OC23,"<="&10,'Project Follow up - Base'!$AC23:$OC23,">="&-10,'Project Follow up - Base'!$AC$3:$OC$3,">="&DATE(YEAR(AL$3),MONTH(AL$3),1),'Project Follow up - Base'!$AC$3:$OC$3,"<="&(DATE(YEAR(AL$3),MONTH(AL$3)+1,1)-1),'Project Follow up - Base'!$AC$4:$OC$4,"<>"&"Fri",'Project Follow up - Base'!$AC$4:$OC$4,"<>"&"Sat",'Project Follow up - Base'!$AC$3:$OC$3,"<>"&List!$L$3,'Project Follow up - Base'!$AC$3:$OC$3,"<>"&List!$L$4,'Project Follow up - Base'!$AC$3:$OC$3,"<>"&List!$L$5,'Project Follow up - Base'!$AC$3:$OC$3,"<>"&List!$L$6,'Project Follow up - Base'!$AC$3:$OC$3,"<>"&List!$L$7,'Project Follow up - Base'!$AC$3:$OC$3,"<>"&List!$L$8,'Project Follow up - Base'!$AC$3:$OC$3,"<>"&List!$L$9,'Project Follow up - Base'!$AC$3:$OC$3,"<>"&List!$L$10,'Project Follow up - Base'!$AC$3:$OC$3,"<>"&List!$L$11,'Project Follow up - Base'!$AC$3:$OC$3,"<>"&List!$L$12,'Project Follow up - Base'!$AC$3:$OC$3,"<>"&List!$L$13)) -> 0
A8: ='Project Follow up - Base'!$B$17 -> Studies | B8: ='Project Follow up - Base'!F24 | C8: =IF('Project Follow up - Base'!$N24="",0, COUNTIFS('Project Follow up - Base'!$AC24:$OC24,"<="&10,'Project Follow up - Base'!$AC24:$OC24,">="&-10,'Project Follow up - Base'!$AC$3:$OC$3,">="&DATE(YEAR(C$3),MONTH(C$3),1),'Project Follow up - Base'!$AC$3:$OC$3,"<="&(DATE(YEAR(C$3),MONTH(C$3)+1,1)-1),'Project Follow up - Base'!$AC$4:$OC$4,"<>"&"Fri",'Project Follow up - Base'!$AC$4:$OC$4,"<>"&"Sat",'Project Follow up - Base'!$AC$3:$OC$3,"<>"&List!$L$3,'Project Follow up - Base'!$AC$3:$OC$3,"<>"&List!$L$4,'Project Follow up - Base'!$AC$3:$OC$3,"<>"&List!$L$5,'Project Follow up - Base'!$AC$3:$OC$3,"<>"&List!$L$6,'Project Follow up - Base'!$AC$3:$OC$3,"<>"&List!$L$7,'Project Follow up - Base'!$AC$3:$OC$3,"<>"&List!$L$8,'Project Follow up - Base'!$AC$3:$OC$3,"<>"&List!$L$9,'Project Follow up - Base'!$AC$3:$OC$3,"<>"&List!$L$10,'Project Follow up - Base'!$AC$3:$OC$3,"<>"&List!$L$11,'Project Follow up - Base'!$AC$3:$OC$3,"<>"&List!$L$12,'Project Follow up - Base'!$AC$3:$OC$3,"<>"&List!$L$13)) -> 0 | D8: =IF('Project Follow up - Base'!$N24="",0, COUNTIFS('Project Follow up - Base'!$AC24:$OC24,"<="&10,'Project Follow up - Base'!$AC24:$OC24,">="&-10,'Project Follow up - Base'!$AC$3:$OC$3,">="&DATE(YEAR(D$3),MONTH(D$3),1),'Project Follow up - Base'!$AC$3:$OC$3,"<="&(DATE(YEAR(D$3),MONTH(D$3)+1,1)-1),'Project Follow up - Base'!$AC$4:$OC$4,"<>"&"Fri",'Project Follow up - Base'!$AC$4:$OC$4,"<>"&"Sat",'Project Follow up - Base'!$AC$3:$OC$3,"<>"&List!$L$3,'Project Follow up - Base'!$AC$3:$OC$3,"<>"&List!$L$4,'Project Follow up - Base'!$AC$3:$OC$3,"<>"&List!$L$5,'Project Follow up - Base'!$AC$3:$OC$3,"<>"&List!$L$6,'Project Follow up - Base'!$AC$3:$OC$3,"<>"&List!$L$7,'Project Follow up - Base'!$AC$3:$OC$3,"<>"&List!$L$8,'Project Follow up - Base'!$AC$3:$OC$3,"<>"&List!$L$9,'Project Follow up - Base'!$AC$3:$OC$3,"<>"&List!$L$10,'Project Follow up - Base'!$AC$3:$OC$3,"<>"&List!$L$11,'Project Follow up - Base'!$AC$3:$OC$3,"<>"&List!$L$12,'Project Follow up - Base'!$AC$3:$OC$3,"<>"&List!$L$13)) -> 0 | E8: =IF('Project Follow up - Base'!$N24="",0, COUNTIFS('Project Follow up - Base'!$AC24:$OC24,"<="&10,'Project Follow up - Base'!$AC24:$OC24,">="&-10,'Project Follow up - Base'!$AC$3:$OC$3,">="&DATE(YEAR(E$3),MONTH(E$3),1),'Project Follow up - Base'!$AC$3:$OC$3,"<="&(DATE(YEAR(E$3),MONTH(E$3)+1,1)-1),'Project Follow up - Base'!$AC$4:$OC$4,"<>"&"Fri",'Project Follow up - Base'!$AC$4:$OC$4,"<>"&"Sat",'Project Follow up - Base'!$AC$3:$OC$3,"<>"&List!$L$3,'Project Follow up - Base'!$AC$3:$OC$3,"<>"&List!$L$4,'Project Follow up - Base'!$AC$3:$OC$3,"<>"&List!$L$5,'Project Follow up - Base'!$AC$3:$OC$3,"<>"&List!$L$6,'Project Follow up - Base'!$AC$3:$OC$3,"<>"&List!$L$7,'Project Follow up - Base'!$AC$3:$OC$3,"<>"&List!$L$8,'Project Follow up - Base'!$AC$3:$OC$3,"<>"&List!$L$9,'Project Follow up - Base'!$AC$3:$OC$3,"<>"&List!$L$10,'Project Follow up - Base'!$AC$3:$OC$3,"<>"&List!$L$11,'Project Follow up - Base'!$AC$3:$OC$3,"<>"&List!$L$12,'Project Follow up - Base'!$AC$3:$OC$3,"<>"&List!$L$13)) -> 0 | F8: =IF('Project Follow up - Base'!$N24="",0, COUNTIFS('Project Follow up - Base'!$AC24:$OC24,"<="&10,'Project Follow up - Base'!$AC24:$OC24,">="&-10,'Project Follow up - Base'!$AC$3:$OC$3,">="&DATE(YEAR(F$3),MONTH(F$3),1),'Project Follow up - Base'!$AC$3:$OC$3,"<="&(DATE(YEAR(F$3),MONTH(F$3)+1,1)-1),'Project Follow up - Base'!$AC$4:$OC$4,"<>"&"Fri",'Project Follow up - Base'!$AC$4:$OC$4,"<>"&"Sat",'Project Follow up - Base'!$AC$3:$OC$3,"<>"&List!$L$3,'Project Follow up - Base'!$AC$3:$OC$3,"<>"&List!$L$4,'Project Follow up - Base'!$AC$3:$OC$3,"<>"&List!$L$5,'Project Follow up - Base'!$AC$3:$OC$3,"<>"&List!$L$6,'Project Follow up - Base'!$AC$3:$OC$3,"<>"&List!$L$7,'Project Follow up - Base'!$AC$3:$OC$3,"<>"&List!$L$8,'Project Follow up - Base'!$AC$3:$OC$3,"<>"&List!$L$9,'Project Follow up - Base'!$AC$3:$OC$3,"<>"&List!$L$10,'Project Follow up - Base'!$AC$3:$OC$3,"<>"&List!$L$11,'Project Follow up - Base'!$AC$3:$OC$3,"<>"&List!$L$12,'Project Follow up - Base'!$AC$3:$OC$3,"<>"&List!$L$13)) -> 0 | G8: =IF('Project Follow up - Base'!$N24="",0, COUNTIFS('Project Follow up - Base'!$AC24:$OC24,"<="&10,'Project Follow up - Base'!$AC24:$OC24,">="&-10,'Project Follow up - Base'!$AC$3:$OC$3,">="&DATE(YEAR(G$3),MONTH(G$3),1),'Project Follow up - Base'!$AC$3:$OC$3,"<="&(DATE(YEAR(G$3),MONTH(G$3)+1,1)-1),'Project Follow up - Base'!$AC$4:$OC$4,"<>"&"Fri",'Project Follow up - Base'!$AC$4:$OC$4,"<>"&"Sat",'Project Follow up - Base'!$AC$3:$OC$3,"<>"&List!$L$3,'Project Follow up - Base'!$AC$3:$OC$3,"<>"&List!$L$4,'Project Follow up - Base'!$AC$3:$OC$3,"<>"&List!$L$5,'Project Follow up - Base'!$AC$3:$OC$3,"<>"&List!$L$6,'Project Follow up - Base'!$AC$3:$OC$3,"<>"&List!$L$7,'Project Follow up - Base'!$AC$3:$OC$3,"<>"&List!$L$8,'Project Follow up - Base'!$AC$3:$OC$3,"<>"&List!$L$9,'Project Follow up - Base'!$AC$3:$OC$3,"<>"&List!$L$10,'Project Follow up - Base'!$AC$3:$OC$3,"<>"&List!$L$11,'Project Follow up - Base'!$AC$3:$OC$3,"<>"&List!$L$12,'Project Follow up - Base'!$AC$3:$OC$3,"<>"&List!$L$13)) -> 0 | H8: =IF('Project Follow up - Base'!$N24="",0, COUNTIFS('Project Follow up - Base'!$AC24:$OC24,"<="&10,'Project Follow up - Base'!$AC24:$OC24,">="&-10,'Project Follow up - Base'!$AC$3:$OC$3,">="&DATE(YEAR(H$3),MONTH(H$3),1),'Project Follow up - Base'!$AC$3:$OC$3,"<="&(DATE(YEAR(H$3),MONTH(H$3)+1,1)-1),'Project Follow up - Base'!$AC$4:$OC$4,"<>"&"Fri",'Project Follow up - Base'!$AC$4:$OC$4,"<>"&"Sat",'Project Follow up - Base'!$AC$3:$OC$3,"<>"&List!$L$3,'Project Follow up - Base'!$AC$3:$OC$3,"<>"&List!$L$4,'Project Follow up - Base'!$AC$3:$OC$3,"<>"&List!$L$5,'Project Follow up - Base'!$AC$3:$OC$3,"<>"&List!$L$6,'Project Follow up - Base'!$AC$3:$OC$3,"<>"&List!$L$7,'Project Follow up - Base'!$AC$3:$OC$3,"<>"&List!$L$8,'Project Follow up - Base'!$AC$3:$OC$3,"<>"&List!$L$9,'Project Follow up - Base'!$AC$3:$OC$3,"<>"&List!$L$10,'Project Follow up - Base'!$AC$3:$OC$3,"<>"&List!$L$11,'Project Follow up - Base'!$AC$3:$OC$3,"<>"&List!$L$12,'Project Follow up - Base'!$AC$3:$OC$3,"<>"&List!$L$13)) -> 0 | I8: =IF('Project Follow up - Base'!$N24="",0, COUNTIFS('Project Follow up - Base'!$AC24:$OC24,"<="&10,'Project Follow up - Base'!$AC24:$OC24,">="&-10,'Project Follow up - Base'!$AC$3:$OC$3,">="&DATE(YEAR(I$3),MONTH(I$3),1),'Project Follow up - Base'!$AC$3:$OC$3,"<="&(DATE(YEAR(I$3),MONTH(I$3)+1,1)-1),'Project Follow up - Base'!$AC$4:$OC$4,"<>"&"Fri",'Project Follow up - Base'!$AC$4:$OC$4,"<>"&"Sat",'Project Follow up - Base'!$AC$3:$OC$3,"<>"&List!$L$3,'Project Follow up - Base'!$AC$3:$OC$3,"<>"&List!$L$4,'Project Follow up - Base'!$AC$3:$OC$3,"<>"&List!$L$5,'Project Follow up - Base'!$AC$3:$OC$3,"<>"&List!$L$6,'Project Follow up - Base'!$AC$3:$OC$3,"<>"&List!$L$7,'Project Follow up - Base'!$AC$3:$OC$3,"<>"&List!$L$8,'Project Follow up - Base'!$AC$3:$OC$3,"<>"&List!$L$9,'Project Follow up - Base'!$AC$3:$OC$3,"<>"&List!$L$10,'Project Follow up - Base'!$AC$3:$OC$3,"<>"&List!$L$11,'Project Follow up - Base'!$AC$3:$OC$3,"<>"&List!$L$12,'Project Follow up - Base'!$AC$3:$OC$3,"<>"&List!$L$13)) -> 0 | J8: =IF('Project Follow up - Base'!$N24="",0, COUNTIFS('Project Follow up - Base'!$AC24:$OC24,"<="&10,'Project Follow up - Base'!$AC24:$OC24,">="&-10,'Project Follow up - Base'!$AC$3:$OC$3,">="&DATE(YEAR(J$3),MONTH(J$3),1),'Project Follow up - Base'!$AC$3:$OC$3,"<="&(DATE(YEAR(J$3),MONTH(J$3)+1,1)-1),'Project Follow up - Base'!$AC$4:$OC$4,"<>"&"Fri",'Project Follow up - Base'!$AC$4:$OC$4,"<>"&"Sat",'Project Follow up - Base'!$AC$3:$OC$3,"<>"&List!$L$3,'Project Follow up - Base'!$AC$3:$OC$3,"<>"&List!$L$4,'Project Follow up - Base'!$AC$3:$OC$3,"<>"&List!$L$5,'Project Follow up - Base'!$AC$3:$OC$3,"<>"&List!$L$6,'Project Follow up - Base'!$AC$3:$OC$3,"<>"&List!$L$7,'Project Follow up - Base'!$AC$3:$OC$3,"<>"&List!$L$8,'Project Follow up - Base'!$AC$3:$OC$3,"<>"&List!$L$9,'Project Follow up - Base'!$AC$3:$OC$3,"<>"&List!$L$10,'Project Follow up - Base'!$AC$3:$OC$3,"<>"&List!$L$11,'Project Follow up - Base'!$AC$3:$OC$3,"<>"&List!$L$12,'Project Follow up - Base'!$AC$3:$OC$3,"<>"&List!$L$13)) -> 0 | ... AL8: =IF('Project Follow up - Base'!$N24="",0, COUNTIFS('Project Follow up - Base'!$AC24:$OC24,"<="&10,'Project Follow up - Base'!$AC24:$OC24,">="&-10,'Project Follow up - Base'!$AC$3:$OC$3,">="&DATE(YEAR(AL$3),MONTH(AL$3),1),'Project Follow up - Base'!$AC$3:$OC$3,"<="&(DATE(YEAR(AL$3),MONTH(AL$3)+1,1)-1),'Project Follow up - Base'!$AC$4:$OC$4,"<>"&"Fri",'Project Follow up - Base'!$AC$4:$OC$4,"<>"&"Sat",'Project Follow up - Base'!$AC$3:$OC$3,"<>"&List!$L$3,'Project Follow up - Base'!$AC$3:$OC$3,"<>"&List!$L$4,'Project Follow up - Base'!$AC$3:$OC$3,"<>"&List!$L$5,'Project Follow up - Base'!$AC$3:$OC$3,"<>"&List!$L$6,'Project Follow up - Base'!$AC$3:$OC$3,"<>"&List!$L$7,'Project Follow up - Base'!$AC$3:$OC$3,"<>"&List!$L$8,'Project Follow up - Base'!$AC$3:$OC$3,"<>"&List!$L$9,'Project Follow up - Base'!$AC$3:$OC$3,"<>"&List!$L$10,'Project Follow up - Base'!$AC$3:$OC$3,"<>"&List!$L$11,'Project Follow up - Base'!$AC$3:$OC$3,"<>"&List!$L$12,'Project Follow up - Base'!$AC$3:$OC$3,"<>"&List!$L$13)) -> 0
A9: ='Project Follow up - Base'!$B$17 -> Studies | B9: ='Project Follow up - Base'!F25 | C9: =IF('Project Follow up - Base'!$N25="",0, COUNTIFS('Project Follow up - Base'!$AC25:$OC25,"<="&10,'Project Follow up - Base'!$AC25:$OC25,">="&-10,'Project Follow up - Base'!$AC$3:$OC$3,">="&DATE(YEAR(C$3),MONTH(C$3),1),'Project Follow up - Base'!$AC$3:$OC$3,"<="&(DATE(YEAR(C$3),MONTH(C$3)+1,1)-1),'Project Follow up - Base'!$AC$4:$OC$4,"<>"&"Fri",'Project Follow up - Base'!$AC$4:$OC$4,"<>"&"Sat",'Project Follow up - Base'!$AC$3:$OC$3,"<>"&List!$L$3,'Project Follow up - Base'!$AC$3:$OC$3,"<>"&List!$L$4,'Project Follow up - Base'!$AC$3:$OC$3,"<>"&List!$L$5,'Project Follow up - Base'!$AC$3:$OC$3,"<>"&List!$L$6,'Project Follow up - Base'!$AC$3:$OC$3,"<>"&List!$L$7,'Project Follow up - Base'!$AC$3:$OC$3,"<>"&List!$L$8,'Project Follow up - Base'!$AC$3:$OC$3,"<>"&List!$L$9,'Project Follow up - Base'!$AC$3:$OC$3,"<>"&List!$L$10,'Project Follow up - Base'!$AC$3:$OC$3,"<>"&List!$L$11,'Project Follow up - Base'!$AC$3:$OC$3,"<>"&List!$L$12,'Project Follow up - Base'!$AC$3:$OC$3,"<>"&List!$L$13)) -> 0 | D9: =IF('Project Follow up - Base'!$N25="",0, COUNTIFS('Project Follow up - Base'!$AC25:$OC25,"<="&10,'Project Follow up - Base'!$AC25:$OC25,">="&-10,'Project Follow up - Base'!$AC$3:$OC$3,">="&DATE(YEAR(D$3),MONTH(D$3),1),'Project Follow up - Base'!$AC$3:$OC$3,"<="&(DATE(YEAR(D$3),MONTH(D$3)+1,1)-1),'Project Follow up - Base'!$AC$4:$OC$4,"<>"&"Fri",'Project Follow up - Base'!$AC$4:$OC$4,"<>"&"Sat",'Project Follow up - Base'!$AC$3:$OC$3,"<>"&List!$L$3,'Project Follow up - Base'!$AC$3:$OC$3,"<>"&List!$L$4,'Project Follow up - Base'!$AC$3:$OC$3,"<>"&List!$L$5,'Project Follow up - Base'!$AC$3:$OC$3,"<>"&List!$L$6,'Project Follow up - Base'!$AC$3:$OC$3,"<>"&List!$L$7,'Project Follow up - Base'!$AC$3:$OC$3,"<>"&List!$L$8,'Project Follow up - Base'!$AC$3:$OC$3,"<>"&List!$L$9,'Project Follow up - Base'!$AC$3:$OC$3,"<>"&List!$L$10,'Project Follow up - Base'!$AC$3:$OC$3,"<>"&List!$L$11,'Project Follow up - Base'!$AC$3:$OC$3,"<>"&List!$L$12,'Project Follow up - Base'!$AC$3:$OC$3,"<>"&List!$L$13)) -> 0 | E9: =IF('Project Follow up - Base'!$N25="",0, COUNTIFS('Project Follow up - Base'!$AC25:$OC25,"<="&10,'Project Follow up - Base'!$AC25:$OC25,">="&-10,'Project Follow up - Base'!$AC$3:$OC$3,">="&DATE(YEAR(E$3),MONTH(E$3),1),'Project Follow up - Base'!$AC$3:$OC$3,"<="&(DATE(YEAR(E$3),MONTH(E$3)+1,1)-1),'Project Follow up - Base'!$AC$4:$OC$4,"<>"&"Fri",'Project Follow up - Base'!$AC$4:$OC$4,"<>"&"Sat",'Project Follow up - Base'!$AC$3:$OC$3,"<>"&List!$L$3,'Project Follow up - Base'!$AC$3:$OC$3,"<>"&List!$L$4,'Project Follow up - Base'!$AC$3:$OC$3,"<>"&List!$L$5,'Project Follow up - Base'!$AC$3:$OC$3,"<>"&List!$L$6,'Project Follow up - Base'!$AC$3:$OC$3,"<>"&List!$L$7,'Project Follow up - Base'!$AC$3:$OC$3,"<>"&List!$L$8,'Project Follow up - Base'!$AC$3:$OC$3,"<>"&List!$L$9,'Project Follow up - Base'!$AC$3:$OC$3,"<>"&List!$L$10,'Project Follow up - Base'!$AC$3:$OC$3,"<>"&List!$L$11,'Project Follow up - Base'!$AC$3:$OC$3,"<>"&List!$L$12,'Project Follow up - Base'!$AC$3:$OC$3,"<>"&List!$L$13)) -> 0 | F9: =IF('Project Follow up - Base'!$N25="",0, COUNTIFS('Project Follow up - Base'!$AC25:$OC25,"<="&10,'Project Follow up - Base'!$AC25:$OC25,">="&-10,'Project Follow up - Base'!$AC$3:$OC$3,">="&DATE(YEAR(F$3),MONTH(F$3),1),'Project Follow up - Base'!$AC$3:$OC$3,"<="&(DATE(YEAR(F$3),MONTH(F$3)+1,1)-1),'Project Follow up - Base'!$AC$4:$OC$4,"<>"&"Fri",'Project Follow up - Base'!$AC$4:$OC$4,"<>"&"Sat",'Project Follow up - Base'!$AC$3:$OC$3,"<>"&List!$L$3,'Project Follow up - Base'!$AC$3:$OC$3,"<>"&List!$L$4,'Project Follow up - Base'!$AC$3:$OC$3,"<>"&List!$L$5,'Project Follow up - Base'!$AC$3:$OC$3,"<>"&List!$L$6,'Project Follow up - Base'!$AC$3:$OC$3,"<>"&List!$L$7,'Project Follow up - Base'!$AC$3:$OC$3,"<>"&List!$L$8,'Project Follow up - Base'!$AC$3:$OC$3,"<>"&List!$L$9,'Project Follow up - Base'!$AC$3:$OC$3,"<>"&List!$L$10,'Project Follow up - Base'!$AC$3:$OC$3,"<>"&List!$L$11,'Project Follow up - Base'!$AC$3:$OC$3,"<>"&List!$L$12,'Project Follow up - Base'!$AC$3:$OC$3,"<>"&List!$L$13)) -> 0 | G9: =IF('Project Follow up - Base'!$N25="",0, COUNTIFS('Project Follow up - Base'!$AC25:$OC25,"<="&10,'Project Follow up - Base'!$AC25:$OC25,">="&-10,'Project Follow up - Base'!$AC$3:$OC$3,">="&DATE(YEAR(G$3),MONTH(G$3),1),'Project Follow up - Base'!$AC$3:$OC$3,"<="&(DATE(YEAR(G$3),MONTH(G$3)+1,1)-1),'Project Follow up - Base'!$AC$4:$OC$4,"<>"&"Fri",'Project Follow up - Base'!$AC$4:$OC$4,"<>"&"Sat",'Project Follow up - Base'!$AC$3:$OC$3,"<>"&List!$L$3,'Project Follow up - Base'!$AC$3:$OC$3,"<>"&List!$L$4,'Project Follow up - Base'!$AC$3:$OC$3,"<>"&List!$L$5,'Project Follow up - Base'!$AC$3:$OC$3,"<>"&List!$L$6,'Project Follow up - Base'!$AC$3:$OC$3,"<>"&List!$L$7,'Project Follow up - Base'!$AC$3:$OC$3,"<>"&List!$L$8,'Project Follow up - Base'!$AC$3:$OC$3,"<>"&List!$L$9,'Project Follow up - Base'!$AC$3:$OC$3,"<>"&List!$L$10,'Project Follow up - Base'!$AC$3:$OC$3,"<>"&List!$L$11,'Project Follow up - Base'!$AC$3:$OC$3,"<>"&List!$L$12,'Project Follow up - Base'!$AC$3:$OC$3,"<>"&List!$L$13)) -> 0 | H9: =IF('Project Follow up - Base'!$N25="",0, COUNTIFS('Project Follow up - Base'!$AC25:$OC25,"<="&10,'Project Follow up - Base'!$AC25:$OC25,">="&-10,'Project Follow up - Base'!$AC$3:$OC$3,">="&DATE(YEAR(H$3),MONTH(H$3),1),'Project Follow up - Base'!$AC$3:$OC$3,"<="&(DATE(YEAR(H$3),MONTH(H$3)+1,1)-1),'Project Follow up - Base'!$AC$4:$OC$4,"<>"&"Fri",'Project Follow up - Base'!$AC$4:$OC$4,"<>"&"Sat",'Project Follow up - Base'!$AC$3:$OC$3,"<>"&List!$L$3,'Project Follow up - Base'!$AC$3:$OC$3,"<>"&List!$L$4,'Project Follow up - Base'!$AC$3:$OC$3,"<>"&List!$L$5,'Project Follow up - Base'!$AC$3:$OC$3,"<>"&List!$L$6,'Project Follow up - Base'!$AC$3:$OC$3,"<>"&List!$L$7,'Project Follow up - Base'!$AC$3:$OC$3,"<>"&List!$L$8,'Project Follow up - Base'!$AC$3:$OC$3,"<>"&List!$L$9,'Project Follow up - Base'!$AC$3:$OC$3,"<>"&List!$L$10,'Project Follow up - Base'!$AC$3:$OC$3,"<>"&List!$L$11,'Project Follow up - Base'!$AC$3:$OC$3,"<>"&List!$L$12,'Project Follow up - Base'!$AC$3:$OC$3,"<>"&List!$L$13)) -> 0 | I9: =IF('Project Follow up - Base'!$N25="",0, COUNTIFS('Project Follow up - Base'!$AC25:$OC25,"<="&10,'Project Follow up - Base'!$AC25:$OC25,">="&-10,'Project Follow up - Base'!$AC$3:$OC$3,">="&DATE(YEAR(I$3),MONTH(I$3),1),'Project Follow up - Base'!$AC$3:$OC$3,"<="&(DATE(YEAR(I$3),MONTH(I$3)+1,1)-1),'Project Follow up - Base'!$AC$4:$OC$4,"<>"&"Fri",'Project Follow up - Base'!$AC$4:$OC$4,"<>"&"Sat",'Project Follow up - Base'!$AC$3:$OC$3,"<>"&List!$L$3,'Project Follow up - Base'!$AC$3:$OC$3,"<>"&List!$L$4,'Project Follow up - Base'!$AC$3:$OC$3,"<>"&List!$L$5,'Project Follow up - Base'!$AC$3:$OC$3,"<>"&List!$L$6,'Project Follow up - Base'!$AC$3:$OC$3,"<>"&List!$L$7,'Project Follow up - Base'!$AC$3:$OC$3,"<>"&List!$L$8,'Project Follow up - Base'!$AC$3:$OC$3,"<>"&List!$L$9,'Project Follow up - Base'!$AC$3:$OC$3,"<>"&List!$L$10,'Project Follow up - Base'!$AC$3:$OC$3,"<>"&List!$L$11,'Project Follow up - Base'!$AC$3:$OC$3,"<>"&List!$L$12,'Project Follow up - Base'!$AC$3:$OC$3,"<>"&List!$L$13)) -> 0 | J9: =IF('Project Follow up - Base'!$N25="",0, COUNTIFS('Project Follow up - Base'!$AC25:$OC25,"<="&10,'Project Follow up - Base'!$AC25:$OC25,">="&-10,'Project Follow up - Base'!$AC$3:$OC$3,">="&DATE(YEAR(J$3),MONTH(J$3),1),'Project Follow up - Base'!$AC$3:$OC$3,"<="&(DATE(YEAR(J$3),MONTH(J$3)+1,1)-1),'Project Follow up - Base'!$AC$4:$OC$4,"<>"&"Fri",'Project Follow up - Base'!$AC$4:$OC$4,"<>"&"Sat",'Project Follow up - Base'!$AC$3:$OC$3,"<>"&List!$L$3,'Project Follow up - Base'!$AC$3:$OC$3,"<>"&List!$L$4,'Project Follow up - Base'!$AC$3:$OC$3,"<>"&List!$L$5,'Project Follow up - Base'!$AC$3:$OC$3,"<>"&List!$L$6,'Project Follow up - Base'!$AC$3:$OC$3,"<>"&List!$L$7,'Project Follow up - Base'!$AC$3:$OC$3,"<>"&List!$L$8,'Project Follow up - Base'!$AC$3:$OC$3,"<>"&List!$L$9,'Project Follow up - Base'!$AC$3:$OC$3,"<>"&List!$L$10,'Project Follow up - Base'!$AC$3:$OC$3,"<>"&List!$L$11,'Project Follow up - Base'!$AC$3:$OC$3,"<>"&List!$L$12,'Project Follow up - Base'!$AC$3:$OC$3,"<>"&List!$L$13)) -> 0 | ... AL9: =IF('Project Follow up - Base'!$N25="",0, COUNTIFS('Project Follow up - Base'!$AC25:$OC25,"<="&10,'Project Follow up - Base'!$AC25:$OC25,">="&-10,'Project Follow up - Base'!$AC$3:$OC$3,">="&DATE(YEAR(AL$3),MONTH(AL$3),1),'Project Follow up - Base'!$AC$3:$OC$3,"<="&(DATE(YEAR(AL$3),MONTH(AL$3)+1,1)-1),'Project Follow up - Base'!$AC$4:$OC$4,"<>"&"Fri",'Project Follow up - Base'!$AC$4:$OC$4,"<>"&"Sat",'Project Follow up - Base'!$AC$3:$OC$3,"<>"&List!$L$3,'Project Follow up - Base'!$AC$3:$OC$3,"<>"&List!$L$4,'Project Follow up - Base'!$AC$3:$OC$3,"<>"&List!$L$5,'Project Follow up - Base'!$AC$3:$OC$3,"<>"&List!$L$6,'Project Follow up - Base'!$AC$3:$OC$3,"<>"&List!$L$7,'Project Follow up - Base'!$AC$3:$OC$3,"<>"&List!$L$8,'Project Follow up - Base'!$AC$3:$OC$3,"<>"&List!$L$9,'Project Follow up - Base'!$AC$3:$OC$3,"<>"&List!$L$10,'Project Follow up - Base'!$AC$3:$OC$3,"<>"&List!$L$11,'Project Follow up - Base'!$AC$3:$OC$3,"<>"&List!$L$12,'Project Follow up - Base'!$AC$3:$OC$3,"<>"&List!$L$13)) -> 0
A10: ='Project Follow up - Base'!$B$17 -> Studies | B10: ='Project Follow up - Base'!F26 | C10: =IF('Project Follow up - Base'!$N26="",0, COUNTIFS('Project Follow up - Base'!$AC26:$OC26,"<="&10,'Project Follow up - Base'!$AC26:$OC26,">="&-10,'Project Follow up - Base'!$AC$3:$OC$3,">="&DATE(YEAR(C$3),MONTH(C$3),1),'Project Follow up - Base'!$AC$3:$OC$3,"<="&(DATE(YEAR(C$3),MONTH(C$3)+1,1)-1),'Project Follow up - Base'!$AC$4:$OC$4,"<>"&"Fri",'Project Follow up - Base'!$AC$4:$OC$4,"<>"&"Sat",'Project Follow up - Base'!$AC$3:$OC$3,"<>"&List!$L$3,'Project Follow up - Base'!$AC$3:$OC$3,"<>"&List!$L$4,'Project Follow up - Base'!$AC$3:$OC$3,"<>"&List!$L$5,'Project Follow up - Base'!$AC$3:$OC$3,"<>"&List!$L$6,'Project Follow up - Base'!$AC$3:$OC$3,"<>"&List!$L$7,'Project Follow up - Base'!$AC$3:$OC$3,"<>"&List!$L$8,'Project Follow up - Base'!$AC$3:$OC$3,"<>"&List!$L$9,'Project Follow up - Base'!$AC$3:$OC$3,"<>"&List!$L$10,'Project Follow up - Base'!$AC$3:$OC$3,"<>"&List!$L$11,'Project Follow up - Base'!$AC$3:$OC$3,"<>"&List!$L$12,'Project Follow up - Base'!$AC$3:$OC$3,"<>"&List!$L$13)) -> 0 | D10: =IF('Project Follow up - Base'!$N26="",0, COUNTIFS('Project Follow up - Base'!$AC26:$OC26,"<="&10,'Project Follow up - Base'!$AC26:$OC26,">="&-10,'Project Follow up - Base'!$AC$3:$OC$3,">="&DATE(YEAR(D$3),MONTH(D$3),1),'Project Follow up - Base'!$AC$3:$OC$3,"<="&(DATE(YEAR(D$3),MONTH(D$3)+1,1)-1),'Project Follow up - Base'!$AC$4:$OC$4,"<>"&"Fri",'Project Follow up - Base'!$AC$4:$OC$4,"<>"&"Sat",'Project Follow up - Base'!$AC$3:$OC$3,"<>"&List!$L$3,'Project Follow up - Base'!$AC$3:$OC$3,"<>"&List!$L$4,'Project Follow up - Base'!$AC$3:$OC$3,"<>"&List!$L$5,'Project Follow up - Base'!$AC$3:$OC$3,"<>"&List!$L$6,'Project Follow up - Base'!$AC$3:$OC$3,"<>"&List!$L$7,'Project Follow up - Base'!$AC$3:$OC$3,"<>"&List!$L$8,'Project Follow up - Base'!$AC$3:$OC$3,"<>"&List!$L$9,'Project Follow up - Base'!$AC$3:$OC$3,"<>"&List!$L$10,'Project Follow up - Base'!$AC$3:$OC$3,"<>"&List!$L$11,'Project Follow up - Base'!$AC$3:$OC$3,"<>"&List!$L$12,'Project Follow up - Base'!$AC$3:$OC$3,"<>"&List!$L$13)) -> 0 | E10: =IF('Project Follow up - Base'!$N26="",0, COUNTIFS('Project Follow up - Base'!$AC26:$OC26,"<="&10,'Project Follow up - Base'!$AC26:$OC26,">="&-10,'Project Follow up - Base'!$AC$3:$OC$3,">="&DATE(YEAR(E$3),MONTH(E$3),1),'Project Follow up - Base'!$AC$3:$OC$3,"<="&(DATE(YEAR(E$3),MONTH(E$3)+1,1)-1),'Project Follow up - Base'!$AC$4:$OC$4,"<>"&"Fri",'Project Follow up - Base'!$AC$4:$OC$4,"<>"&"Sat",'Project Follow up - Base'!$AC$3:$OC$3,"<>"&List!$L$3,'Project Follow up - Base'!$AC$3:$OC$3,"<>"&List!$L$4,'Project Follow up - Base'!$AC$3:$OC$3,"<>"&List!$L$5,'Project Follow up - Base'!$AC$3:$OC$3,"<>"&List!$L$6,'Project Follow up - Base'!$AC$3:$OC$3,"<>"&List!$L$7,'Project Follow up - Base'!$AC$3:$OC$3,"<>"&List!$L$8,'Project Follow up - Base'!$AC$3:$OC$3,"<>"&List!$L$9,'Project Follow up - Base'!$AC$3:$OC$3,"<>"&List!$L$10,'Project Follow up - Base'!$AC$3:$OC$3,"<>"&List!$L$11,'Project Follow up - Base'!$AC$3:$OC$3,"<>"&List!$L$12,'Project Follow up - Base'!$AC$3:$OC$3,"<>"&List!$L$13)) -> 0 | F10: =IF('Project Follow up - Base'!$N26="",0, COUNTIFS('Project Follow up - Base'!$AC26:$OC26,"<="&10,'Project Follow up - Base'!$AC26:$OC26,">="&-10,'Project Follow up - Base'!$AC$3:$OC$3,">="&DATE(YEAR(F$3),MONTH(F$3),1),'Project Follow up - Base'!$AC$3:$OC$3,"<="&(DATE(YEAR(F$3),MONTH(F$3)+1,1)-1),'Project Follow up - Base'!$AC$4:$OC$4,"<>"&"Fri",'Project Follow up - Base'!$AC$4:$OC$4,"<>"&"Sat",'Project Follow up - Base'!$AC$3:$OC$3,"<>"&List!$L$3,'Project Follow up - Base'!$AC$3:$OC$3,"<>"&List!$L$4,'Project Follow up - Base'!$AC$3:$OC$3,"<>"&List!$L$5,'Project Follow up - Base'!$AC$3:$OC$3,"<>"&List!$L$6,'Project Follow up - Base'!$AC$3:$OC$3,"<>"&List!$L$7,'Project Follow up - Base'!$AC$3:$OC$3,"<>"&List!$L$8,'Project Follow up - Base'!$AC$3:$OC$3,"<>"&List!$L$9,'Project Follow up - Base'!$AC$3:$OC$3,"<>"&List!$L$10,'Project Follow up - Base'!$AC$3:$OC$3,"<>"&List!$L$11,'Project Follow up - Base'!$AC$3:$OC$3,"<>"&List!$L$12,'Project Follow up - Base'!$AC$3:$OC$3,"<>"&List!$L$13)) -> 0 | G10: =IF('Project Follow up - Base'!$N26="",0, COUNTIFS('Project Follow up - Base'!$AC26:$OC26,"<="&10,'Project Follow up - Base'!$AC26:$OC26,">="&-10,'Project Follow up - Base'!$AC$3:$OC$3,">="&DATE(YEAR(G$3),MONTH(G$3),1),'Project Follow up - Base'!$AC$3:$OC$3,"<="&(DATE(YEAR(G$3),MONTH(G$3)+1,1)-1),'Project Follow up - Base'!$AC$4:$OC$4,"<>"&"Fri",'Project Follow up - Base'!$AC$4:$OC$4,"<>"&"Sat",'Project Follow up - Base'!$AC$3:$OC$3,"<>"&List!$L$3,'Project Follow up - Base'!$AC$3:$OC$3,"<>"&List!$L$4,'Project Follow up - Base'!$AC$3:$OC$3,"<>"&List!$L$5,'Project Follow up - Base'!$AC$3:$OC$3,"<>"&List!$L$6,'Project Follow up - Base'!$AC$3:$OC$3,"<>"&List!$L$7,'Project Follow up - Base'!$AC$3:$OC$3,"<>"&List!$L$8,'Project Follow up - Base'!$AC$3:$OC$3,"<>"&List!$L$9,'Project Follow up - Base'!$AC$3:$OC$3,"<>"&List!$L$10,'Project Follow up - Base'!$AC$3:$OC$3,"<>"&List!$L$11,'Project Follow up - Base'!$AC$3:$OC$3,"<>"&List!$L$12,'Project Follow up - Base'!$AC$3:$OC$3,"<>"&List!$L$13)) -> 0 | H10: =IF('Project Follow up - Base'!$N26="",0, COUNTIFS('Project Follow up - Base'!$AC26:$OC26,"<="&10,'Project Follow up - Base'!$AC26:$OC26,">="&-10,'Project Follow up - Base'!$AC$3:$OC$3,">="&DATE(YEAR(H$3),MONTH(H$3),1),'Project Follow up - Base'!$AC$3:$OC$3,"<="&(DATE(YEAR(H$3),MONTH(H$3)+1,1)-1),'Project Follow up - Base'!$AC$4:$OC$4,"<>"&"Fri",'Project Follow up - Base'!$AC$4:$OC$4,"<>"&"Sat",'Project Follow up - Base'!$AC$3:$OC$3,"<>"&List!$L$3,'Project Follow up - Base'!$AC$3:$OC$3,"<>"&List!$L$4,'Project Follow up - Base'!$AC$3:$OC$3,"<>"&List!$L$5,'Project Follow up - Base'!$AC$3:$OC$3,"<>"&List!$L$6,'Project Follow up - Base'!$AC$3:$OC$3,"<>"&List!$L$7,'Project Follow up - Base'!$AC$3:$OC$3,"<>"&List!$L$8,'Project Follow up - Base'!$AC$3:$OC$3,"<>"&List!$L$9,'Project Follow up - Base'!$AC$3:$OC$3,"<>"&List!$L$10,'Project Follow up - Base'!$AC$3:$OC$3,"<>"&List!$L$11,'Project Follow up - Base'!$AC$3:$OC$3,"<>"&List!$L$12,'Project Follow up - Base'!$AC$3:$OC$3,"<>"&List!$L$13)) -> 0 | I10: =IF('Project Follow up - Base'!$N26="",0, COUNTIFS('Project Follow up - Base'!$AC26:$OC26,"<="&10,'Project Follow up - Base'!$AC26:$OC26,">="&-10,'Project Follow up - Base'!$AC$3:$OC$3,">="&DATE(YEAR(I$3),MONTH(I$3),1),'Project Follow up - Base'!$AC$3:$OC$3,"<="&(DATE(YEAR(I$3),MONTH(I$3)+1,1)-1),'Project Follow up - Base'!$AC$4:$OC$4,"<>"&"Fri",'Project Follow up - Base'!$AC$4:$OC$4,"<>"&"Sat",'Project Follow up - Base'!$AC$3:$OC$3,"<>"&List!$L$3,'Project Follow up - Base'!$AC$3:$OC$3,"<>"&List!$L$4,'Project Follow up - Base'!$AC$3:$OC$3,"<>"&List!$L$5,'Project Follow up - Base'!$AC$3:$OC$3,"<>"&List!$L$6,'Project Follow up - Base'!$AC$3:$OC$3,"<>"&List!$L$7,'Project Follow up - Base'!$AC$3:$OC$3,"<>"&List!$L$8,'Project Follow up - Base'!$AC$3:$OC$3,"<>"&List!$L$9,'Project Follow up - Base'!$AC$3:$OC$3,"<>"&List!$L$10,'Project Follow up - Base'!$AC$3:$OC$3,"<>"&List!$L$11,'Project Follow up - Base'!$AC$3:$OC$3,"<>"&List!$L$12,'Project Follow up - Base'!$AC$3:$OC$3,"<>"&List!$L$13)) -> 0 | J10: =IF('Project Follow up - Base'!$N26="",0, COUNTIFS('Project Follow up - Base'!$AC26:$OC26,"<="&10,'Project Follow up - Base'!$AC26:$OC26,">="&-10,'Project Follow up - Base'!$AC$3:$OC$3,">="&DATE(YEAR(J$3),MONTH(J$3),1),'Project Follow up - Base'!$AC$3:$OC$3,"<="&(DATE(YEAR(J$3),MONTH(J$3)+1,1)-1),'Project Follow up - Base'!$AC$4:$OC$4,"<>"&"Fri",'Project Follow up - Base'!$AC$4:$OC$4,"<>"&"Sat",'Project Follow up - Base'!$AC$3:$OC$3,"<>"&List!$L$3,'Project Follow up - Base'!$AC$3:$OC$3,"<>"&List!$L$4,'Project Follow up - Base'!$AC$3:$OC$3,"<>"&List!$L$5,'Project Follow up - Base'!$AC$3:$OC$3,"<>"&List!$L$6,'Project Follow up - Base'!$AC$3:$OC$3,"<>"&List!$L$7,'Project Follow up - Base'!$AC$3:$OC$3,"<>"&List!$L$8,'Project Follow up - Base'!$AC$3:$OC$3,"<>"&List!$L$9,'Project Follow up - Base'!$AC$3:$OC$3,"<>"&List!$L$10,'Project Follow up - Base'!$AC$3:$OC$3,"<>"&List!$L$11,'Project Follow up - Base'!$AC$3:$OC$3,"<>"&List!$L$12,'Project Follow up - Base'!$AC$3:$OC$3,"<>"&List!$L$13)) -> 0 | ... AL10: =IF('Project Follow up - Base'!$N26="",0, COUNTIFS('Project Follow up - Base'!$AC26:$OC26,"<="&10,'Project Follow up - Base'!$AC26:$OC26,">="&-10,'Project Follow up - Base'!$AC$3:$OC$3,">="&DATE(YEAR(AL$3),MONTH(AL$3),1),'Project Follow up - Base'!$AC$3:$OC$3,"<="&(DATE(YEAR(AL$3),MONTH(AL$3)+1,1)-1),'Project Follow up - Base'!$AC$4:$OC$4,"<>"&"Fri",'Project Follow up - Base'!$AC$4:$OC$4,"<>"&"Sat",'Project Follow up - Base'!$AC$3:$OC$3,"<>"&List!$L$3,'Project Follow up - Base'!$AC$3:$OC$3,"<>"&List!$L$4,'Project Follow up - Base'!$AC$3:$OC$3,"<>"&List!$L$5,'Project Follow up - Base'!$AC$3:$OC$3,"<>"&List!$L$6,'Project Follow up - Base'!$AC$3:$OC$3,"<>"&List!$L$7,'Project Follow up - Base'!$AC$3:$OC$3,"<>"&List!$L$8,'Project Follow up - Base'!$AC$3:$OC$3,"<>"&List!$L$9,'Project Follow up - Base'!$AC$3:$OC$3,"<>"&List!$L$10,'Project Follow up - Base'!$AC$3:$OC$3,"<>"&List!$L$11,'Project Follow up - Base'!$AC$3:$OC$3,"<>"&List!$L$12,'Project Follow up - Base'!$AC$3:$OC$3,"<>"&List!$L$13)) -> 0
A11: ='Project Follow up - Base'!$B$17 -> Studies | B11: ='Project Follow up - Base'!F27 | C11: =IF('Project Follow up - Base'!$N27="",0, COUNTIFS('Project Follow up - Base'!$AC27:$OC27,"<="&10,'Project Follow up - Base'!$AC27:$OC27,">="&-10,'Project Follow up - Base'!$AC$3:$OC$3,">="&DATE(YEAR(C$3),MONTH(C$3),1),'Project Follow up - Base'!$AC$3:$OC$3,"<="&(DATE(YEAR(C$3),MONTH(C$3)+1,1)-1),'Project Follow up - Base'!$AC$4:$OC$4,"<>"&"Fri",'Project Follow up - Base'!$AC$4:$OC$4,"<>"&"Sat",'Project Follow up - Base'!$AC$3:$OC$3,"<>"&List!$L$3,'Project Follow up - Base'!$AC$3:$OC$3,"<>"&List!$L$4,'Project Follow up - Base'!$AC$3:$OC$3,"<>"&List!$L$5,'Project Follow up - Base'!$AC$3:$OC$3,"<>"&List!$L$6,'Project Follow up - Base'!$AC$3:$OC$3,"<>"&List!$L$7,'Project Follow up - Base'!$AC$3:$OC$3,"<>"&List!$L$8,'Project Follow up - Base'!$AC$3:$OC$3,"<>"&List!$L$9,'Project Follow up - Base'!$AC$3:$OC$3,"<>"&List!$L$10,'Project Follow up - Base'!$AC$3:$OC$3,"<>"&List!$L$11,'Project Follow up - Base'!$AC$3:$OC$3,"<>"&List!$L$12,'Project Follow up - Base'!$AC$3:$OC$3,"<>"&List!$L$13)) -> 0 | D11: =IF('Project Follow up - Base'!$N27="",0, COUNTIFS('Project Follow up - Base'!$AC27:$OC27,"<="&10,'Project Follow up - Base'!$AC27:$OC27,">="&-10,'Project Follow up - Base'!$AC$3:$OC$3,">="&DATE(YEAR(D$3),MONTH(D$3),1),'Project Follow up - Base'!$AC$3:$OC$3,"<="&(DATE(YEAR(D$3),MONTH(D$3)+1,1)-1),'Project Follow up - Base'!$AC$4:$OC$4,"<>"&"Fri",'Project Follow up - Base'!$AC$4:$OC$4,"<>"&"Sat",'Project Follow up - Base'!$AC$3:$OC$3,"<>"&List!$L$3,'Project Follow up - Base'!$AC$3:$OC$3,"<>"&List!$L$4,'Project Follow up - Base'!$AC$3:$OC$3,"<>"&List!$L$5,'Project Follow up - Base'!$AC$3:$OC$3,"<>"&List!$L$6,'Project Follow up - Base'!$AC$3:$OC$3,"<>"&List!$L$7,'Project Follow up - Base'!$AC$3:$OC$3,"<>"&List!$L$8,'Project Follow up - Base'!$AC$3:$OC$3,"<>"&List!$L$9,'Project Follow up - Base'!$AC$3:$OC$3,"<>"&List!$L$10,'Project Follow up - Base'!$AC$3:$OC$3,"<>"&List!$L$11,'Project Follow up - Base'!$AC$3:$OC$3,"<>"&List!$L$12,'Project Follow up - Base'!$AC$3:$OC$3,"<>"&List!$L$13)) -> 0 | E11: =IF('Project Follow up - Base'!$N27="",0, COUNTIFS('Project Follow up - Base'!$AC27:$OC27,"<="&10,'Project Follow up - Base'!$AC27:$OC27,">="&-10,'Project Follow up - Base'!$AC$3:$OC$3,">="&DATE(YEAR(E$3),MONTH(E$3),1),'Project Follow up - Base'!$AC$3:$OC$3,"<="&(DATE(YEAR(E$3),MONTH(E$3)+1,1)-1),'Project Follow up - Base'!$AC$4:$OC$4,"<>"&"Fri",'Project Follow up - Base'!$AC$4:$OC$4,"<>"&"Sat",'Project Follow up - Base'!$AC$3:$OC$3,"<>"&List!$L$3,'Project Follow up - Base'!$AC$3:$OC$3,"<>"&List!$L$4,'Project Follow up - Base'!$AC$3:$OC$3,"<>"&List!$L$5,'Project Follow up - Base'!$AC$3:$OC$3,"<>"&List!$L$6,'Project Follow up - Base'!$AC$3:$OC$3,"<>"&List!$L$7,'Project Follow up - Base'!$AC$3:$OC$3,"<>"&List!$L$8,'Project Follow up - Base'!$AC$3:$OC$3,"<>"&List!$L$9,'Project Follow up - Base'!$AC$3:$OC$3,"<>"&List!$L$10,'Project Follow up - Base'!$AC$3:$OC$3,"<>"&List!$L$11,'Project Follow up - Base'!$AC$3:$OC$3,"<>"&List!$L$12,'Project Follow up - Base'!$AC$3:$OC$3,"<>"&List!$L$13)) -> 0 | F11: =IF('Project Follow up - Base'!$N27="",0, COUNTIFS('Project Follow up - Base'!$AC27:$OC27,"<="&10,'Project Follow up - Base'!$AC27:$OC27,">="&-10,'Project Follow up - Base'!$AC$3:$OC$3,">="&DATE(YEAR(F$3),MONTH(F$3),1),'Project Follow up - Base'!$AC$3:$OC$3,"<="&(DATE(YEAR(F$3),MONTH(F$3)+1,1)-1),'Project Follow up - Base'!$AC$4:$OC$4,"<>"&"Fri",'Project Follow up - Base'!$AC$4:$OC$4,"<>"&"Sat",'Project Follow up - Base'!$AC$3:$OC$3,"<>"&List!$L$3,'Project Follow up - Base'!$AC$3:$OC$3,"<>"&List!$L$4,'Project Follow up - Base'!$AC$3:$OC$3,"<>"&List!$L$5,'Project Follow up - Base'!$AC$3:$OC$3,"<>"&List!$L$6,'Project Follow up - Base'!$AC$3:$OC$3,"<>"&List!$L$7,'Project Follow up - Base'!$AC$3:$OC$3,"<>"&List!$L$8,'Project Follow up - Base'!$AC$3:$OC$3,"<>"&List!$L$9,'Project Follow up - Base'!$AC$3:$OC$3,"<>"&List!$L$10,'Project Follow up - Base'!$AC$3:$OC$3,"<>"&List!$L$11,'Project Follow up - Base'!$AC$3:$OC$3,"<>"&List!$L$12,'Project Follow up - Base'!$AC$3:$OC$3,"<>"&List!$L$13)) -> 0 | G11: =IF('Project Follow up - Base'!$N27="",0, COUNTIFS('Project Follow up - Base'!$AC27:$OC27,"<="&10,'Project Follow up - Base'!$AC27:$OC27,">="&-10,'Project Follow up - Base'!$AC$3:$OC$3,">="&DATE(YEAR(G$3),MONTH(G$3),1),'Project Follow up - Base'!$AC$3:$OC$3,"<="&(DATE(YEAR(G$3),MONTH(G$3)+1,1)-1),'Project Follow up - Base'!$AC$4:$OC$4,"<>"&"Fri",'Project Follow up - Base'!$AC$4:$OC$4,"<>"&"Sat",'Project Follow up - Base'!$AC$3:$OC$3,"<>"&List!$L$3,'Project Follow up - Base'!$AC$3:$OC$3,"<>"&List!$L$4,'Project Follow up - Base'!$AC$3:$OC$3,"<>"&List!$L$5,'Project Follow up - Base'!$AC$3:$OC$3,"<>"&List!$L$6,'Project Follow up - Base'!$AC$3:$OC$3,"<>"&List!$L$7,'Project Follow up - Base'!$AC$3:$OC$3,"<>"&List!$L$8,'Project Follow up - Base'!$AC$3:$OC$3,"<>"&List!$L$9,'Project Follow up - Base'!$AC$3:$OC$3,"<>"&List!$L$10,'Project Follow up - Base'!$AC$3:$OC$3,"<>"&List!$L$11,'Project Follow up - Base'!$AC$3:$OC$3,"<>"&List!$L$12,'Project Follow up - Base'!$AC$3:$OC$3,"<>"&List!$L$13)) -> 0 | H11: =IF('Project Follow up - Base'!$N27="",0, COUNTIFS('Project Follow up - Base'!$AC27:$OC27,"<="&10,'Project Follow up - Base'!$AC27:$OC27,">="&-10,'Project Follow up - Base'!$AC$3:$OC$3,">="&DATE(YEAR(H$3),MONTH(H$3),1),'Project Follow up - Base'!$AC$3:$OC$3,"<="&(DATE(YEAR(H$3),MONTH(H$3)+1,1)-1),'Project Follow up - Base'!$AC$4:$OC$4,"<>"&"Fri",'Project Follow up - Base'!$AC$4:$OC$4,"<>"&"Sat",'Project Follow up - Base'!$AC$3:$OC$3,"<>"&List!$L$3,'Project Follow up - Base'!$AC$3:$OC$3,"<>"&List!$L$4,'Project Follow up - Base'!$AC$3:$OC$3,"<>"&List!$L$5,'Project Follow up - Base'!$AC$3:$OC$3,"<>"&List!$L$6,'Project Follow up - Base'!$AC$3:$OC$3,"<>"&List!$L$7,'Project Follow up - Base'!$AC$3:$OC$3,"<>"&List!$L$8,'Project Follow up - Base'!$AC$3:$OC$3,"<>"&List!$L$9,'Project Follow up - Base'!$AC$3:$OC$3,"<>"&List!$L$10,'Project Follow up - Base'!$AC$3:$OC$3,"<>"&List!$L$11,'Project Follow up - Base'!$AC$3:$OC$3,"<>"&List!$L$12,'Project Follow up - Base'!$AC$3:$OC$3,"<>"&List!$L$13)) -> 0 | I11: =IF('Project Follow up - Base'!$N27="",0, COUNTIFS('Project Follow up - Base'!$AC27:$OC27,"<="&10,'Project Follow up - Base'!$AC27:$OC27,">="&-10,'Project Follow up - Base'!$AC$3:$OC$3,">="&DATE(YEAR(I$3),MONTH(I$3),1),'Project Follow up - Base'!$AC$3:$OC$3,"<="&(DATE(YEAR(I$3),MONTH(I$3)+1,1)-1),'Project Follow up - Base'!$AC$4:$OC$4,"<>"&"Fri",'Project Follow up - Base'!$AC$4:$OC$4,"<>"&"Sat",'Project Follow up - Base'!$AC$3:$OC$3,"<>"&List!$L$3,'Project Follow up - Base'!$AC$3:$OC$3,"<>"&List!$L$4,'Project Follow up - Base'!$AC$3:$OC$3,"<>"&List!$L$5,'Project Follow up - Base'!$AC$3:$OC$3,"<>"&List!$L$6,'Project Follow up - Base'!$AC$3:$OC$3,"<>"&List!$L$7,'Project Follow up - Base'!$AC$3:$OC$3,"<>"&List!$L$8,'Project Follow up - Base'!$AC$3:$OC$3,"<>"&List!$L$9,'Project Follow up - Base'!$AC$3:$OC$3,"<>"&List!$L$10,'Project Follow up - Base'!$AC$3:$OC$3,"<>"&List!$L$11,'Project Follow up - Base'!$AC$3:$OC$3,"<>"&List!$L$12,'Project Follow up - Base'!$AC$3:$OC$3,"<>"&List!$L$13)) -> 0 | J11: =IF('Project Follow up - Base'!$N27="",0, COUNTIFS('Project Follow up - Base'!$AC27:$OC27,"<="&10,'Project Follow up - Base'!$AC27:$OC27,">="&-10,'Project Follow up - Base'!$AC$3:$OC$3,">="&DATE(YEAR(J$3),MONTH(J$3),1),'Project Follow up - Base'!$AC$3:$OC$3,"<="&(DATE(YEAR(J$3),MONTH(J$3)+1,1)-1),'Project Follow up - Base'!$AC$4:$OC$4,"<>"&"Fri",'Project Follow up - Base'!$AC$4:$OC$4,"<>"&"Sat",'Project Follow up - Base'!$AC$3:$OC$3,"<>"&List!$L$3,'Project Follow up - Base'!$AC$3:$OC$3,"<>"&List!$L$4,'Project Follow up - Base'!$AC$3:$OC$3,"<>"&List!$L$5,'Project Follow up - Base'!$AC$3:$OC$3,"<>"&List!$L$6,'Project Follow up - Base'!$AC$3:$OC$3,"<>"&List!$L$7,'Project Follow up - Base'!$AC$3:$OC$3,"<>"&List!$L$8,'Project Follow up - Base'!$AC$3:$OC$3,"<>"&List!$L$9,'Project Follow up - Base'!$AC$3:$OC$3,"<>"&List!$L$10,'Project Follow up - Base'!$AC$3:$OC$3,"<>"&List!$L$11,'Project Follow up - Base'!$AC$3:$OC$3,"<>"&List!$L$12,'Project Follow up - Base'!$AC$3:$OC$3,"<>"&List!$L$13)) -> 0 | ... AL11: =IF('Project Follow up - Base'!$N27="",0, COUNTIFS('Project Follow up - Base'!$AC27:$OC27,"<="&10,'Project Follow up - Base'!$AC27:$OC27,">="&-10,'Project Follow up - Base'!$AC$3:$OC$3,">="&DATE(YEAR(AL$3),MONTH(AL$3),1),'Project Follow up - Base'!$AC$3:$OC$3,"<="&(DATE(YEAR(AL$3),MONTH(AL$3)+1,1)-1),'Project Follow up - Base'!$AC$4:$OC$4,"<>"&"Fri",'Project Follow up - Base'!$AC$4:$OC$4,"<>"&"Sat",'Project Follow up - Base'!$AC$3:$OC$3,"<>"&List!$L$3,'Project Follow up - Base'!$AC$3:$OC$3,"<>"&List!$L$4,'Project Follow up - Base'!$AC$3:$OC$3,"<>"&List!$L$5,'Project Follow up - Base'!$AC$3:$OC$3,"<>"&List!$L$6,'Project Follow up - Base'!$AC$3:$OC$3,"<>"&List!$L$7,'Project Follow up - Base'!$AC$3:$OC$3,"<>"&List!$L$8,'Project Follow up - Base'!$AC$3:$OC$3,"<>"&List!$L$9,'Project Follow up - Base'!$AC$3:$OC$3,"<>"&List!$L$10,'Project Follow up - Base'!$AC$3:$OC$3,"<>"&List!$L$11,'Project Follow up - Base'!$AC$3:$OC$3,"<>"&List!$L$12,'Project Follow up - Base'!$AC$3:$OC$3,"<>"&List!$L$13)) -> 0
A12: ='Project Follow up - Base'!$B$17 -> Studies | B12: ='Project Follow up - Base'!F28 | C12: =IF('Project Follow up - Base'!$N28="",0, COUNTIFS('Project Follow up - Base'!$AC28:$OC28,"<="&10,'Project Follow up - Base'!$AC28:$OC28,">="&-10,'Project Follow up - Base'!$AC$3:$OC$3,">="&DATE(YEAR(C$3),MONTH(C$3),1),'Project Follow up - Base'!$AC$3:$OC$3,"<="&(DATE(YEAR(C$3),MONTH(C$3)+1,1)-1),'Project Follow up - Base'!$AC$4:$OC$4,"<>"&"Fri",'Project Follow up - Base'!$AC$4:$OC$4,"<>"&"Sat",'Project Follow up - Base'!$AC$3:$OC$3,"<>"&List!$L$3,'Project Follow up - Base'!$AC$3:$OC$3,"<>"&List!$L$4,'Project Follow up - Base'!$AC$3:$OC$3,"<>"&List!$L$5,'Project Follow up - Base'!$AC$3:$OC$3,"<>"&List!$L$6,'Project Follow up - Base'!$AC$3:$OC$3,"<>"&List!$L$7,'Project Follow up - Base'!$AC$3:$OC$3,"<>"&List!$L$8,'Project Follow up - Base'!$AC$3:$OC$3,"<>"&List!$L$9,'Project Follow up - Base'!$AC$3:$OC$3,"<>"&List!$L$10,'Project Follow up - Base'!$AC$3:$OC$3,"<>"&List!$L$11,'Project Follow up - Base'!$AC$3:$OC$3,"<>"&List!$L$12,'Project Follow up - Base'!$AC$3:$OC$3,"<>"&List!$L$13)) -> 0 | D12: =IF('Project Follow up - Base'!$N28="",0, COUNTIFS('Project Follow up - Base'!$AC28:$OC28,"<="&10,'Project Follow up - Base'!$AC28:$OC28,">="&-10,'Project Follow up - Base'!$AC$3:$OC$3,">="&DATE(YEAR(D$3),MONTH(D$3),1),'Project Follow up - Base'!$AC$3:$OC$3,"<="&(DATE(YEAR(D$3),MONTH(D$3)+1,1)-1),'Project Follow up - Base'!$AC$4:$OC$4,"<>"&"Fri",'Project Follow up - Base'!$AC$4:$OC$4,"<>"&"Sat",'Project Follow up - Base'!$AC$3:$OC$3,"<>"&List!$L$3,'Project Follow up - Base'!$AC$3:$OC$3,"<>"&List!$L$4,'Project Follow up - Base'!$AC$3:$OC$3,"<>"&List!$L$5,'Project Follow up - Base'!$AC$3:$OC$3,"<>"&List!$L$6,'Project Follow up - Base'!$AC$3:$OC$3,"<>"&List!$L$7,'Project Follow up - Base'!$AC$3:$OC$3,"<>"&List!$L$8,'Project Follow up - Base'!$AC$3:$OC$3,"<>"&List!$L$9,'Project Follow up - Base'!$AC$3:$OC$3,"<>"&List!$L$10,'Project Follow up - Base'!$AC$3:$OC$3,"<>"&List!$L$11,'Project Follow up - Base'!$AC$3:$OC$3,"<>"&List!$L$12,'Project Follow up - Base'!$AC$3:$OC$3,"<>"&List!$L$13)) -> 0 | E12: =IF('Project Follow up - Base'!$N28="",0, COUNTIFS('Project Follow up - Base'!$AC28:$OC28,"<="&10,'Project Follow up - Base'!$AC28:$OC28,">="&-10,'Project Follow up - Base'!$AC$3:$OC$3,">="&DATE(YEAR(E$3),MONTH(E$3),1),'Project Follow up - Base'!$AC$3:$OC$3,"<="&(DATE(YEAR(E$3),MONTH(E$3)+1,1)-1),'Project Follow up - Base'!$AC$4:$OC$4,"<>"&"Fri",'Project Follow up - Base'!$AC$4:$OC$4,"<>"&"Sat",'Project Follow up - Base'!$AC$3:$OC$3,"<>"&List!$L$3,'Project Follow up - Base'!$AC$3:$OC$3,"<>"&List!$L$4,'Project Follow up - Base'!$AC$3:$OC$3,"<>"&List!$L$5,'Project Follow up - Base'!$AC$3:$OC$3,"<>"&List!$L$6,'Project Follow up - Base'!$AC$3:$OC$3,"<>"&List!$L$7,'Project Follow up - Base'!$AC$3:$OC$3,"<>"&List!$L$8,'Project Follow up - Base'!$AC$3:$OC$3,"<>"&List!$L$9,'Project Follow up - Base'!$AC$3:$OC$3,"<>"&List!$L$10,'Project Follow up - Base'!$AC$3:$OC$3,"<>"&List!$L$11,'Project Follow up - Base'!$AC$3:$OC$3,"<>"&List!$L$12,'Project Follow up - Base'!$AC$3:$OC$3,"<>"&List!$L$13)) -> 0 | F12: =IF('Project Follow up - Base'!$N28="",0, COUNTIFS('Project Follow up - Base'!$AC28:$OC28,"<="&10,'Project Follow up - Base'!$AC28:$OC28,">="&-10,'Project Follow up - Base'!$AC$3:$OC$3,">="&DATE(YEAR(F$3),MONTH(F$3),1),'Project Follow up - Base'!$AC$3:$OC$3,"<="&(DATE(YEAR(F$3),MONTH(F$3)+1,1)-1),'Project Follow up - Base'!$AC$4:$OC$4,"<>"&"Fri",'Project Follow up - Base'!$AC$4:$OC$4,"<>"&"Sat",'Project Follow up - Base'!$AC$3:$OC$3,"<>"&List!$L$3,'Project Follow up - Base'!$AC$3:$OC$3,"<>"&List!$L$4,'Project Follow up - Base'!$AC$3:$OC$3,"<>"&List!$L$5,'Project Follow up - Base'!$AC$3:$OC$3,"<>"&List!$L$6,'Project Follow up - Base'!$AC$3:$OC$3,"<>"&List!$L$7,'Project Follow up - Base'!$AC$3:$OC$3,"<>"&List!$L$8,'Project Follow up - Base'!$AC$3:$OC$3,"<>"&List!$L$9,'Project Follow up - Base'!$AC$3:$OC$3,"<>"&List!$L$10,'Project Follow up - Base'!$AC$3:$OC$3,"<>"&List!$L$11,'Project Follow up - Base'!$AC$3:$OC$3,"<>"&List!$L$12,'Project Follow up - Base'!$AC$3:$OC$3,"<>"&List!$L$13)) -> 0 | G12: =IF('Project Follow up - Base'!$N28="",0, COUNTIFS('Project Follow up - Base'!$AC28:$OC28,"<="&10,'Project Follow up - Base'!$AC28:$OC28,">="&-10,'Project Follow up - Base'!$AC$3:$OC$3,">="&DATE(YEAR(G$3),MONTH(G$3),1),'Project Follow up - Base'!$AC$3:$OC$3,"<="&(DATE(YEAR(G$3),MONTH(G$3)+1,1)-1),'Project Follow up - Base'!$AC$4:$OC$4,"<>"&"Fri",'Project Follow up - Base'!$AC$4:$OC$4,"<>"&"Sat",'Project Follow up - Base'!$AC$3:$OC$3,"<>"&List!$L$3,'Project Follow up - Base'!$AC$3:$OC$3,"<>"&List!$L$4,'Project Follow up - Base'!$AC$3:$OC$3,"<>"&List!$L$5,'Project Follow up - Base'!$AC$3:$OC$3,"<>"&List!$L$6,'Project Follow up - Base'!$AC$3:$OC$3,"<>"&List!$L$7,'Project Follow up - Base'!$AC$3:$OC$3,"<>"&List!$L$8,'Project Follow up - Base'!$AC$3:$OC$3,"<>"&List!$L$9,'Project Follow up - Base'!$AC$3:$OC$3,"<>"&List!$L$10,'Project Follow up - Base'!$AC$3:$OC$3,"<>"&List!$L$11,'Project Follow up - Base'!$AC$3:$OC$3,"<>"&List!$L$12,'Project Follow up - Base'!$AC$3:$OC$3,"<>"&List!$L$13)) -> 0 | H12: =IF('Project Follow up - Base'!$N28="",0, COUNTIFS('Project Follow up - Base'!$AC28:$OC28,"<="&10,'Project Follow up - Base'!$AC28:$OC28,">="&-10,'Project Follow up - Base'!$AC$3:$OC$3,">="&DATE(YEAR(H$3),MONTH(H$3),1),'Project Follow up - Base'!$AC$3:$OC$3,"<="&(DATE(YEAR(H$3),MONTH(H$3)+1,1)-1),'Project Follow up - Base'!$AC$4:$OC$4,"<>"&"Fri",'Project Follow up - Base'!$AC$4:$OC$4,"<>"&"Sat",'Project Follow up - Base'!$AC$3:$OC$3,"<>"&List!$L$3,'Project Follow up - Base'!$AC$3:$OC$3,"<>"&List!$L$4,'Project Follow up - Base'!$AC$3:$OC$3,"<>"&List!$L$5,'Project Follow up - Base'!$AC$3:$OC$3,"<>"&List!$L$6,'Project Follow up - Base'!$AC$3:$OC$3,"<>"&List!$L$7,'Project Follow up - Base'!$AC$3:$OC$3,"<>"&List!$L$8,'Project Follow up - Base'!$AC$3:$OC$3,"<>"&List!$L$9,'Project Follow up - Base'!$AC$3:$OC$3,"<>"&List!$L$10,'Project Follow up - Base'!$AC$3:$OC$3,"<>"&List!$L$11,'Project Follow up - Base'!$AC$3:$OC$3,"<>"&List!$L$12,'Project Follow up - Base'!$AC$3:$OC$3,"<>"&List!$L$13)) -> 0 | I12: =IF('Project Follow up - Base'!$N28="",0, COUNTIFS('Project Follow up - Base'!$AC28:$OC28,"<="&10,'Project Follow up - Base'!$AC28:$OC28,">="&-10,'Project Follow up - Base'!$AC$3:$OC$3,">="&DATE(YEAR(I$3),MONTH(I$3),1),'Project Follow up - Base'!$AC$3:$OC$3,"<="&(DATE(YEAR(I$3),MONTH(I$3)+1,1)-1),'Project Follow up - Base'!$AC$4:$OC$4,"<>"&"Fri",'Project Follow up - Base'!$AC$4:$OC$4,"<>"&"Sat",'Project Follow up - Base'!$AC$3:$OC$3,"<>"&List!$L$3,'Project Follow up - Base'!$AC$3:$OC$3,"<>"&List!$L$4,'Project Follow up - Base'!$AC$3:$OC$3,"<>"&List!$L$5,'Project Follow up - Base'!$AC$3:$OC$3,"<>"&List!$L$6,'Project Follow up - Base'!$AC$3:$OC$3,"<>"&List!$L$7,'Project Follow up - Base'!$AC$3:$OC$3,"<>"&List!$L$8,'Project Follow up - Base'!$AC$3:$OC$3,"<>"&List!$L$9,'Project Follow up - Base'!$AC$3:$OC$3,"<>"&List!$L$10,'Project Follow up - Base'!$AC$3:$OC$3,"<>"&List!$L$11,'Project Follow up - Base'!$AC$3:$OC$3,"<>"&List!$L$12,'Project Follow up - Base'!$AC$3:$OC$3,"<>"&List!$L$13)) -> 0 | J12: =IF('Project Follow up - Base'!$N28="",0, COUNTIFS('Project Follow up - Base'!$AC28:$OC28,"<="&10,'Project Follow up - Base'!$AC28:$OC28,">="&-10,'Project Follow up - Base'!$AC$3:$OC$3,">="&DATE(YEAR(J$3),MONTH(J$3),1),'Project Follow up - Base'!$AC$3:$OC$3,"<="&(DATE(YEAR(J$3),MONTH(J$3)+1,1)-1),'Project Follow up - Base'!$AC$4:$OC$4,"<>"&"Fri",'Project Follow up - Base'!$AC$4:$OC$4,"<>"&"Sat",'Project Follow up - Base'!$AC$3:$OC$3,"<>"&List!$L$3,'Project Follow up - Base'!$AC$3:$OC$3,"<>"&List!$L$4,'Project Follow up - Base'!$AC$3:$OC$3,"<>"&List!$L$5,'Project Follow up - Base'!$AC$3:$OC$3,"<>"&List!$L$6,'Project Follow up - Base'!$AC$3:$OC$3,"<>"&List!$L$7,'Project Follow up - Base'!$AC$3:$OC$3,"<>"&List!$L$8,'Project Follow up - Base'!$AC$3:$OC$3,"<>"&List!$L$9,'Project Follow up - Base'!$AC$3:$OC$3,"<>"&List!$L$10,'Project Follow up - Base'!$AC$3:$OC$3,"<>"&List!$L$11,'Project Follow up - Base'!$AC$3:$OC$3,"<>"&List!$L$12,'Project Follow up - Base'!$AC$3:$OC$3,"<>"&List!$L$13)) -> 0 | ... AL12: =IF('Project Follow up - Base'!$N28="",0, COUNTIFS('Project Follow up - Base'!$AC28:$OC28,"<="&10,'Project Follow up - Base'!$AC28:$OC28,">="&-10,'Project Follow up - Base'!$AC$3:$OC$3,">="&DATE(YEAR(AL$3),MONTH(AL$3),1),'Project Follow up - Base'!$AC$3:$OC$3,"<="&(DATE(YEAR(AL$3),MONTH(AL$3)+1,1)-1),'Project Follow up - Base'!$AC$4:$OC$4,"<>"&"Fri",'Project Follow up - Base'!$AC$4:$OC$4,"<>"&"Sat",'Project Follow up - Base'!$AC$3:$OC$3,"<>"&List!$L$3,'Project Follow up - Base'!$AC$3:$OC$3,"<>"&List!$L$4,'Project Follow up - Base'!$AC$3:$OC$3,"<>"&List!$L$5,'Project Follow up - Base'!$AC$3:$OC$3,"<>"&List!$L$6,'Project Follow up - Base'!$AC$3:$OC$3,"<>"&List!$L$7,'Project Follow up - Base'!$AC$3:$OC$3,"<>"&List!$L$8,'Project Follow up - Base'!$AC$3:$OC$3,"<>"&List!$L$9,'Project Follow up - Base'!$AC$3:$OC$3,"<>"&List!$L$10,'Project Follow up - Base'!$AC$3:$OC$3,"<>"&List!$L$11,'Project Follow up - Base'!$AC$3:$OC$3,"<>"&List!$L$12,'Project Follow up - Base'!$AC$3:$OC$3,"<>"&List!$L$13)) -> 0
A13: ='Project Follow up - Base'!$B$17 -> Studies | B13: ='Project Follow up - Base'!F29 | C13: =IF('Project Follow up - Base'!$N29="",0, COUNTIFS('Project Follow up - Base'!$AC29:$OC29,"<="&10,'Project Follow up - Base'!$AC29:$OC29,">="&-10,'Project Follow up - Base'!$AC$3:$OC$3,">="&DATE(YEAR(C$3),MONTH(C$3),1),'Project Follow up - Base'!$AC$3:$OC$3,"<="&(DATE(YEAR(C$3),MONTH(C$3)+1,1)-1),'Project Follow up - Base'!$AC$4:$OC$4,"<>"&"Fri",'Project Follow up - Base'!$AC$4:$OC$4,"<>"&"Sat",'Project Follow up - Base'!$AC$3:$OC$3,"<>"&List!$L$3,'Project Follow up - Base'!$AC$3:$OC$3,"<>"&List!$L$4,'Project Follow up - Base'!$AC$3:$OC$3,"<>"&List!$L$5,'Project Follow up - Base'!$AC$3:$OC$3,"<>"&List!$L$6,'Project Follow up - Base'!$AC$3:$OC$3,"<>"&List!$L$7,'Project Follow up - Base'!$AC$3:$OC$3,"<>"&List!$L$8,'Project Follow up - Base'!$AC$3:$OC$3,"<>"&List!$L$9,'Project Follow up - Base'!$AC$3:$OC$3,"<>"&List!$L$10,'Project Follow up - Base'!$AC$3:$OC$3,"<>"&List!$L$11,'Project Follow up - Base'!$AC$3:$OC$3,"<>"&List!$L$12,'Project Follow up - Base'!$AC$3:$OC$3,"<>"&List!$L$13)) -> 0 | D13: =IF('Project Follow up - Base'!$N29="",0, COUNTIFS('Project Follow up - Base'!$AC29:$OC29,"<="&10,'Project Follow up - Base'!$AC29:$OC29,">="&-10,'Project Follow up - Base'!$AC$3:$OC$3,">="&DATE(YEAR(D$3),MONTH(D$3),1),'Project Follow up - Base'!$AC$3:$OC$3,"<="&(DATE(YEAR(D$3),MONTH(D$3)+1,1)-1),'Project Follow up - Base'!$AC$4:$OC$4,"<>"&"Fri",'Project Follow up - Base'!$AC$4:$OC$4,"<>"&"Sat",'Project Follow up - Base'!$AC$3:$OC$3,"<>"&List!$L$3,'Project Follow up - Base'!$AC$3:$OC$3,"<>"&List!$L$4,'Project Follow up - Base'!$AC$3:$OC$3,"<>"&List!$L$5,'Project Follow up - Base'!$AC$3:$OC$3,"<>"&List!$L$6,'Project Follow up - Base'!$AC$3:$OC$3,"<>"&List!$L$7,'Project Follow up - Base'!$AC$3:$OC$3,"<>"&List!$L$8,'Project Follow up - Base'!$AC$3:$OC$3,"<>"&List!$L$9,'Project Follow up - Base'!$AC$3:$OC$3,"<>"&List!$L$10,'Project Follow up - Base'!$AC$3:$OC$3,"<>"&List!$L$11,'Project Follow up - Base'!$AC$3:$OC$3,"<>"&List!$L$12,'Project Follow up - Base'!$AC$3:$OC$3,"<>"&List!$L$13)) -> 0 | E13: =IF('Project Follow up - Base'!$N29="",0, COUNTIFS('Project Follow up - Base'!$AC29:$OC29,"<="&10,'Project Follow up - Base'!$AC29:$OC29,">="&-10,'Project Follow up - Base'!$AC$3:$OC$3,">="&DATE(YEAR(E$3),MONTH(E$3),1),'Project Follow up - Base'!$AC$3:$OC$3,"<="&(DATE(YEAR(E$3),MONTH(E$3)+1,1)-1),'Project Follow up - Base'!$AC$4:$OC$4,"<>"&"Fri",'Project Follow up - Base'!$AC$4:$OC$4,"<>"&"Sat",'Project Follow up - Base'!$AC$3:$OC$3,"<>"&List!$L$3,'Project Follow up - Base'!$AC$3:$OC$3,"<>"&List!$L$4,'Project Follow up - Base'!$AC$3:$OC$3,"<>"&List!$L$5,'Project Follow up - Base'!$AC$3:$OC$3,"<>"&List!$L$6,'Project Follow up - Base'!$AC$3:$OC$3,"<>"&List!$L$7,'Project Follow up - Base'!$AC$3:$OC$3,"<>"&List!$L$8,'Project Follow up - Base'!$AC$3:$OC$3,"<>"&List!$L$9,'Project Follow up - Base'!$AC$3:$OC$3,"<>"&List!$L$10,'Project Follow up - Base'!$AC$3:$OC$3,"<>"&List!$L$11,'Project Follow up - Base'!$AC$3:$OC$3,"<>"&List!$L$12,'Project Follow up - Base'!$AC$3:$OC$3,"<>"&List!$L$13)) -> 0 | F13: =IF('Project Follow up - Base'!$N29="",0, COUNTIFS('Project Follow up - Base'!$AC29:$OC29,"<="&10,'Project Follow up - Base'!$AC29:$OC29,">="&-10,'Project Follow up - Base'!$AC$3:$OC$3,">="&DATE(YEAR(F$3),MONTH(F$3),1),'Project Follow up - Base'!$AC$3:$OC$3,"<="&(DATE(YEAR(F$3),MONTH(F$3)+1,1)-1),'Project Follow up - Base'!$AC$4:$OC$4,"<>"&"Fri",'Project Follow up - Base'!$AC$4:$OC$4,"<>"&"Sat",'Project Follow up - Base'!$AC$3:$OC$3,"<>"&List!$L$3,'Project Follow up - Base'!$AC$3:$OC$3,"<>"&List!$L$4,'Project Follow up - Base'!$AC$3:$OC$3,"<>"&List!$L$5,'Project Follow up - Base'!$AC$3:$OC$3,"<>"&List!$L$6,'Project Follow up - Base'!$AC$3:$OC$3,"<>"&List!$L$7,'Project Follow up - Base'!$AC$3:$OC$3,"<>"&List!$L$8,'Project Follow up - Base'!$AC$3:$OC$3,"<>"&List!$L$9,'Project Follow up - Base'!$AC$3:$OC$3,"<>"&List!$L$10,'Project Follow up - Base'!$AC$3:$OC$3,"<>"&List!$L$11,'Project Follow up - Base'!$AC$3:$OC$3,"<>"&List!$L$12,'Project Follow up - Base'!$AC$3:$OC$3,"<>"&List!$L$13)) -> 0 | G13: =IF('Project Follow up - Base'!$N29="",0, COUNTIFS('Project Follow up - Base'!$AC29:$OC29,"<="&10,'Project Follow up - Base'!$AC29:$OC29,">="&-10,'Project Follow up - Base'!$AC$3:$OC$3,">="&DATE(YEAR(G$3),MONTH(G$3),1),'Project Follow up - Base'!$AC$3:$OC$3,"<="&(DATE(YEAR(G$3),MONTH(G$3)+1,1)-1),'Project Follow up - Base'!$AC$4:$OC$4,"<>"&"Fri",'Project Follow up - Base'!$AC$4:$OC$4,"<>"&"Sat",'Project Follow up - Base'!$AC$3:$OC$3,"<>"&List!$L$3,'Project Follow up - Base'!$AC$3:$OC$3,"<>"&List!$L$4,'Project Follow up - Base'!$AC$3:$OC$3,"<>"&List!$L$5,'Project Follow up - Base'!$AC$3:$OC$3,"<>"&List!$L$6,'Project Follow up - Base'!$AC$3:$OC$3,"<>"&List!$L$7,'Project Follow up - Base'!$AC$3:$OC$3,"<>"&List!$L$8,'Project Follow up - Base'!$AC$3:$OC$3,"<>"&List!$L$9,'Project Follow up - Base'!$AC$3:$OC$3,"<>"&List!$L$10,'Project Follow up - Base'!$AC$3:$OC$3,"<>"&List!$L$11,'Project Follow up - Base'!$AC$3:$OC$3,"<>"&List!$L$12,'Project Follow up - Base'!$AC$3:$OC$3,"<>"&List!$L$13)) -> 0 | H13: =IF('Project Follow up - Base'!$N29="",0, COUNTIFS('Project Follow up - Base'!$AC29:$OC29,"<="&10,'Project Follow up - Base'!$AC29:$OC29,">="&-10,'Project Follow up - Base'!$AC$3:$OC$3,">="&DATE(YEAR(H$3),MONTH(H$3),1),'Project Follow up - Base'!$AC$3:$OC$3,"<="&(DATE(YEAR(H$3),MONTH(H$3)+1,1)-1),'Project Follow up - Base'!$AC$4:$OC$4,"<>"&"Fri",'Project Follow up - Base'!$AC$4:$OC$4,"<>"&"Sat",'Project Follow up - Base'!$AC$3:$OC$3,"<>"&List!$L$3,'Project Follow up - Base'!$AC$3:$OC$3,"<>"&List!$L$4,'Project Follow up - Base'!$AC$3:$OC$3,"<>"&List!$L$5,'Project Follow up - Base'!$AC$3:$OC$3,"<>"&List!$L$6,'Project Follow up - Base'!$AC$3:$OC$3,"<>"&List!$L$7,'Project Follow up - Base'!$AC$3:$OC$3,"<>"&List!$L$8,'Project Follow up - Base'!$AC$3:$OC$3,"<>"&List!$L$9,'Project Follow up - Base'!$AC$3:$OC$3,"<>"&List!$L$10,'Project Follow up - Base'!$AC$3:$OC$3,"<>"&List!$L$11,'Project Follow up - Base'!$AC$3:$OC$3,"<>"&List!$L$12,'Project Follow up - Base'!$AC$3:$OC$3,"<>"&List!$L$13)) -> 0 | I13: =IF('Project Follow up - Base'!$N29="",0, COUNTIFS('Project Follow up - Base'!$AC29:$OC29,"<="&10,'Project Follow up - Base'!$AC29:$OC29,">="&-10,'Project Follow up - Base'!$AC$3:$OC$3,">="&DATE(YEAR(I$3),MONTH(I$3),1),'Project Follow up - Base'!$AC$3:$OC$3,"<="&(DATE(YEAR(I$3),MONTH(I$3)+1,1)-1),'Project Follow up - Base'!$AC$4:$OC$4,"<>"&"Fri",'Project Follow up - Base'!$AC$4:$OC$4,"<>"&"Sat",'Project Follow up - Base'!$AC$3:$OC$3,"<>"&List!$L$3,'Project Follow up - Base'!$AC$3:$OC$3,"<>"&List!$L$4,'Project Follow up - Base'!$AC$3:$OC$3,"<>"&List!$L$5,'Project Follow up - Base'!$AC$3:$OC$3,"<>"&List!$L$6,'Project Follow up - Base'!$AC$3:$OC$3,"<>"&List!$L$7,'Project Follow up - Base'!$AC$3:$OC$3,"<>"&List!$L$8,'Project Follow up - Base'!$AC$3:$OC$3,"<>"&List!$L$9,'Project Follow up - Base'!$AC$3:$OC$3,"<>"&List!$L$10,'Project Follow up - Base'!$AC$3:$OC$3,"<>"&List!$L$11,'Project Follow up - Base'!$AC$3:$OC$3,"<>"&List!$L$12,'Project Follow up - Base'!$AC$3:$OC$3,"<>"&List!$L$13)) -> 0 | J13: =IF('Project Follow up - Base'!$N29="",0, COUNTIFS('Project Follow up - Base'!$AC29:$OC29,"<="&10,'Project Follow up - Base'!$AC29:$OC29,">="&-10,'Project Follow up - Base'!$AC$3:$OC$3,">="&DATE(YEAR(J$3),MONTH(J$3),1),'Project Follow up - Base'!$AC$3:$OC$3,"<="&(DATE(YEAR(J$3),MONTH(J$3)+1,1)-1),'Project Follow up - Base'!$AC$4:$OC$4,"<>"&"Fri",'Project Follow up - Base'!$AC$4:$OC$4,"<>"&"Sat",'Project Follow up - Base'!$AC$3:$OC$3,"<>"&List!$L$3,'Project Follow up - Base'!$AC$3:$OC$3,"<>"&List!$L$4,'Project Follow up - Base'!$AC$3:$OC$3,"<>"&List!$L$5,'Project Follow up - Base'!$AC$3:$OC$3,"<>"&List!$L$6,'Project Follow up - Base'!$AC$3:$OC$3,"<>"&List!$L$7,'Project Follow up - Base'!$AC$3:$OC$3,"<>"&List!$L$8,'Project Follow up - Base'!$AC$3:$OC$3,"<>"&List!$L$9,'Project Follow up - Base'!$AC$3:$OC$3,"<>"&List!$L$10,'Project Follow up - Base'!$AC$3:$OC$3,"<>"&List!$L$11,'Project Follow up - Base'!$AC$3:$OC$3,"<>"&List!$L$12,'Project Follow up - Base'!$AC$3:$OC$3,"<>"&List!$L$13)) -> 0 | ... AL13: =IF('Project Follow up - Base'!$N29="",0, COUNTIFS('Project Follow up - Base'!$AC29:$OC29,"<="&10,'Project Follow up - Base'!$AC29:$OC29,">="&-10,'Project Follow up - Base'!$AC$3:$OC$3,">="&DATE(YEAR(AL$3),MONTH(AL$3),1),'Project Follow up - Base'!$AC$3:$OC$3,"<="&(DATE(YEAR(AL$3),MONTH(AL$3)+1,1)-1),'Project Follow up - Base'!$AC$4:$OC$4,"<>"&"Fri",'Project Follow up - Base'!$AC$4:$OC$4,"<>"&"Sat",'Project Follow up - Base'!$AC$3:$OC$3,"<>"&List!$L$3,'Project Follow up - Base'!$AC$3:$OC$3,"<>"&List!$L$4,'Project Follow up - Base'!$AC$3:$OC$3,"<>"&List!$L$5,'Project Follow up - Base'!$AC$3:$OC$3,"<>"&List!$L$6,'Project Follow up - Base'!$AC$3:$OC$3,"<>"&List!$L$7,'Project Follow up - Base'!$AC$3:$OC$3,"<>"&List!$L$8,'Project Follow up - Base'!$AC$3:$OC$3,"<>"&List!$L$9,'Project Follow up - Base'!$AC$3:$OC$3,"<>"&List!$L$10,'Project Follow up - Base'!$AC$3:$OC$3,"<>"&List!$L$11,'Project Follow up - Base'!$AC$3:$OC$3,"<>"&List!$L$12,'Project Follow up - Base'!$AC$3:$OC$3,"<>"&List!$L$13)) -> 0
A14: ='Project Follow up - Base'!$B$17 -> Studies | B14: ='Project Follow up - Base'!F30 | C14: =IF('Project Follow up - Base'!$N30="",0, COUNTIFS('Project Follow up - Base'!$AC30:$OC30,"<="&10,'Project Follow up - Base'!$AC30:$OC30,">="&-10,'Project Follow up - Base'!$AC$3:$OC$3,">="&DATE(YEAR(C$3),MONTH(C$3),1),'Project Follow up - Base'!$AC$3:$OC$3,"<="&(DATE(YEAR(C$3),MONTH(C$3)+1,1)-1),'Project Follow up - Base'!$AC$4:$OC$4,"<>"&"Fri",'Project Follow up - Base'!$AC$4:$OC$4,"<>"&"Sat",'Project Follow up - Base'!$AC$3:$OC$3,"<>"&List!$L$3,'Project Follow up - Base'!$AC$3:$OC$3,"<>"&List!$L$4,'Project Follow up - Base'!$AC$3:$OC$3,"<>"&List!$L$5,'Project Follow up - Base'!$AC$3:$OC$3,"<>"&List!$L$6,'Project Follow up - Base'!$AC$3:$OC$3,"<>"&List!$L$7,'Project Follow up - Base'!$AC$3:$OC$3,"<>"&List!$L$8,'Project Follow up - Base'!$AC$3:$OC$3,"<>"&List!$L$9,'Project Follow up - Base'!$AC$3:$OC$3,"<>"&List!$L$10,'Project Follow up - Base'!$AC$3:$OC$3,"<>"&List!$L$11,'Project Follow up - Base'!$AC$3:$OC$3,"<>"&List!$L$12,'Project Follow up - Base'!$AC$3:$OC$3,"<>"&List!$L$13)) -> 0 | D14: =IF('Project Follow up - Base'!$N30="",0, COUNTIFS('Project Follow up - Base'!$AC30:$OC30,"<="&10,'Project Follow up - Base'!$AC30:$OC30,">="&-10,'Project Follow up - Base'!$AC$3:$OC$3,">="&DATE(YEAR(D$3),MONTH(D$3),1),'Project Follow up - Base'!$AC$3:$OC$3,"<="&(DATE(YEAR(D$3),MONTH(D$3)+1,1)-1),'Project Follow up - Base'!$AC$4:$OC$4,"<>"&"Fri",'Project Follow up - Base'!$AC$4:$OC$4,"<>"&"Sat",'Project Follow up - Base'!$AC$3:$OC$3,"<>"&List!$L$3,'Project Follow up - Base'!$AC$3:$OC$3,"<>"&List!$L$4,'Project Follow up - Base'!$AC$3:$OC$3,"<>"&List!$L$5,'Project Follow up - Base'!$AC$3:$OC$3,"<>"&List!$L$6,'Project Follow up - Base'!$AC$3:$OC$3,"<>"&List!$L$7,'Project Follow up - Base'!$AC$3:$OC$3,"<>"&List!$L$8,'Project Follow up - Base'!$AC$3:$OC$3,"<>"&List!$L$9,'Project Follow up - Base'!$AC$3:$OC$3,"<>"&List!$L$10,'Project Follow up - Base'!$AC$3:$OC$3,"<>"&List!$L$11,'Project Follow up - Base'!$AC$3:$OC$3,"<>"&List!$L$12,'Project Follow up - Base'!$AC$3:$OC$3,"<>"&List!$L$13)) -> 0 | E14: =IF('Project Follow up - Base'!$N30="",0, COUNTIFS('Project Follow up - Base'!$AC30:$OC30,"<="&10,'Project Follow up - Base'!$AC30:$OC30,">="&-10,'Project Follow up - Base'!$AC$3:$OC$3,">="&DATE(YEAR(E$3),MONTH(E$3),1),'Project Follow up - Base'!$AC$3:$OC$3,"<="&(DATE(YEAR(E$3),MONTH(E$3)+1,1)-1),'Project Follow up - Base'!$AC$4:$OC$4,"<>"&"Fri",'Project Follow up - Base'!$AC$4:$OC$4,"<>"&"Sat",'Project Follow up - Base'!$AC$3:$OC$3,"<>"&List!$L$3,'Project Follow up - Base'!$AC$3:$OC$3,"<>"&List!$L$4,'Project Follow up - Base'!$AC$3:$OC$3,"<>"&List!$L$5,'Project Follow up - Base'!$AC$3:$OC$3,"<>"&List!$L$6,'Project Follow up - Base'!$AC$3:$OC$3,"<>"&List!$L$7,'Project Follow up - Base'!$AC$3:$OC$3,"<>"&List!$L$8,'Project Follow up - Base'!$AC$3:$OC$3,"<>"&List!$L$9,'Project Follow up - Base'!$AC$3:$OC$3,"<>"&List!$L$10,'Project Follow up - Base'!$AC$3:$OC$3,"<>"&List!$L$11,'Project Follow up - Base'!$AC$3:$OC$3,"<>"&List!$L$12,'Project Follow up - Base'!$AC$3:$OC$3,"<>"&List!$L$13)) -> 0 | F14: =IF('Project Follow up - Base'!$N30="",0, COUNTIFS('Project Follow up - Base'!$AC30:$OC30,"<="&10,'Project Follow up - Base'!$AC30:$OC30,">="&-10,'Project Follow up - Base'!$AC$3:$OC$3,">="&DATE(YEAR(F$3),MONTH(F$3),1),'Project Follow up - Base'!$AC$3:$OC$3,"<="&(DATE(YEAR(F$3),MONTH(F$3)+1,1)-1),'Project Follow up - Base'!$AC$4:$OC$4,"<>"&"Fri",'Project Follow up - Base'!$AC$4:$OC$4,"<>"&"Sat",'Project Follow up - Base'!$AC$3:$OC$3,"<>"&List!$L$3,'Project Follow up - Base'!$AC$3:$OC$3,"<>"&List!$L$4,'Project Follow up - Base'!$AC$3:$OC$3,"<>"&List!$L$5,'Project Follow up - Base'!$AC$3:$OC$3,"<>"&List!$L$6,'Project Follow up - Base'!$AC$3:$OC$3,"<>"&List!$L$7,'Project Follow up - Base'!$AC$3:$OC$3,"<>"&List!$L$8,'Project Follow up - Base'!$AC$3:$OC$3,"<>"&List!$L$9,'Project Follow up - Base'!$AC$3:$OC$3,"<>"&List!$L$10,'Project Follow up - Base'!$AC$3:$OC$3,"<>"&List!$L$11,'Project Follow up - Base'!$AC$3:$OC$3,"<>"&List!$L$12,'Project Follow up - Base'!$AC$3:$OC$3,"<>"&List!$L$13)) -> 0 | G14: =IF('Project Follow up - Base'!$N30="",0, COUNTIFS('Project Follow up - Base'!$AC30:$OC30,"<="&10,'Project Follow up - Base'!$AC30:$OC30,">="&-10,'Project Follow up - Base'!$AC$3:$OC$3,">="&DATE(YEAR(G$3),MONTH(G$3),1),'Project Follow up - Base'!$AC$3:$OC$3,"<="&(DATE(YEAR(G$3),MONTH(G$3)+1,1)-1),'Project Follow up - Base'!$AC$4:$OC$4,"<>"&"Fri",'Project Follow up - Base'!$AC$4:$OC$4,"<>"&"Sat",'Project Follow up - Base'!$AC$3:$OC$3,"<>"&List!$L$3,'Project Follow up - Base'!$AC$3:$OC$3,"<>"&List!$L$4,'Project Follow up - Base'!$AC$3:$OC$3,"<>"&List!$L$5,'Project Follow up - Base'!$AC$3:$OC$3,"<>"&List!$L$6,'Project Follow up - Base'!$AC$3:$OC$3,"<>"&List!$L$7,'Project Follow up - Base'!$AC$3:$OC$3,"<>"&List!$L$8,'Project Follow up - Base'!$AC$3:$OC$3,"<>"&List!$L$9,'Project Follow up - Base'!$AC$3:$OC$3,"<>"&List!$L$10,'Project Follow up - Base'!$AC$3:$OC$3,"<>"&List!$L$11,'Project Follow up - Base'!$AC$3:$OC$3,"<>"&List!$L$12,'Project Follow up - Base'!$AC$3:$OC$3,"<>"&List!$L$13)) -> 0 | H14: =IF('Project Follow up - Base'!$N30="",0, COUNTIFS('Project Follow up - Base'!$AC30:$OC30,"<="&10,'Project Follow up - Base'!$AC30:$OC30,">="&-10,'Project Follow up - Base'!$AC$3:$OC$3,">="&DATE(YEAR(H$3),MONTH(H$3),1),'Project Follow up - Base'!$AC$3:$OC$3,"<="&(DATE(YEAR(H$3),MONTH(H$3)+1,1)-1),'Project Follow up - Base'!$AC$4:$OC$4,"<>"&"Fri",'Project Follow up - Base'!$AC$4:$OC$4,"<>"&"Sat",'Project Follow up - Base'!$AC$3:$OC$3,"<>"&List!$L$3,'Project Follow up - Base'!$AC$3:$OC$3,"<>"&List!$L$4,'Project Follow up - Base'!$AC$3:$OC$3,"<>"&List!$L$5,'Project Follow up - Base'!$AC$3:$OC$3,"<>"&List!$L$6,'Project Follow up - Base'!$AC$3:$OC$3,"<>"&List!$L$7,'Project Follow up - Base'!$AC$3:$OC$3,"<>"&List!$L$8,'Project Follow up - Base'!$AC$3:$OC$3,"<>"&List!$L$9,'Project Follow up - Base'!$AC$3:$OC$3,"<>"&List!$L$10,'Project Follow up - Base'!$AC$3:$OC$3,"<>"&List!$L$11,'Project Follow up - Base'!$AC$3:$OC$3,"<>"&List!$L$12,'Project Follow up - Base'!$AC$3:$OC$3,"<>"&List!$L$13)) -> 0 | I14: =IF('Project Follow up - Base'!$N30="",0, COUNTIFS('Project Follow up - Base'!$AC30:$OC30,"<="&10,'Project Follow up - Base'!$AC30:$OC30,">="&-10,'Project Follow up - Base'!$AC$3:$OC$3,">="&DATE(YEAR(I$3),MONTH(I$3),1),'Project Follow up - Base'!$AC$3:$OC$3,"<="&(DATE(YEAR(I$3),MONTH(I$3)+1,1)-1),'Project Follow up - Base'!$AC$4:$OC$4,"<>"&"Fri",'Project Follow up - Base'!$AC$4:$OC$4,"<>"&"Sat",'Project Follow up - Base'!$AC$3:$OC$3,"<>"&List!$L$3,'Project Follow up - Base'!$AC$3:$OC$3,"<>"&List!$L$4,'Project Follow up - Base'!$AC$3:$OC$3,"<>"&List!$L$5,'Project Follow up - Base'!$AC$3:$OC$3,"<>"&List!$L$6,'Project Follow up - Base'!$AC$3:$OC$3,"<>"&List!$L$7,'Project Follow up - Base'!$AC$3:$OC$3,"<>"&List!$L$8,'Project Follow up - Base'!$AC$3:$OC$3,"<>"&List!$L$9,'Project Follow up - Base'!$AC$3:$OC$3,"<>"&List!$L$10,'Project Follow up - Base'!$AC$3:$OC$3,"<>"&List!$L$11,'Project Follow up - Base'!$AC$3:$OC$3,"<>"&List!$L$12,'Project Follow up - Base'!$AC$3:$OC$3,"<>"&List!$L$13)) -> 0 | J14: =IF('Project Follow up - Base'!$N30="",0, COUNTIFS('Project Follow up - Base'!$AC30:$OC30,"<="&10,'Project Follow up - Base'!$AC30:$OC30,">="&-10,'Project Follow up - Base'!$AC$3:$OC$3,">="&DATE(YEAR(J$3),MONTH(J$3),1),'Project Follow up - Base'!$AC$3:$OC$3,"<="&(DATE(YEAR(J$3),MONTH(J$3)+1,1)-1),'Project Follow up - Base'!$AC$4:$OC$4,"<>"&"Fri",'Project Follow up - Base'!$AC$4:$OC$4,"<>"&"Sat",'Project Follow up - Base'!$AC$3:$OC$3,"<>"&List!$L$3,'Project Follow up - Base'!$AC$3:$OC$3,"<>"&List!$L$4,'Project Follow up - Base'!$AC$3:$OC$3,"<>"&List!$L$5,'Project Follow up - Base'!$AC$3:$OC$3,"<>"&List!$L$6,'Project Follow up - Base'!$AC$3:$OC$3,"<>"&List!$L$7,'Project Follow up - Base'!$AC$3:$OC$3,"<>"&List!$L$8,'Project Follow up - Base'!$AC$3:$OC$3,"<>"&List!$L$9,'Project Follow up - Base'!$AC$3:$OC$3,"<>"&List!$L$10,'Project Follow up - Base'!$AC$3:$OC$3,"<>"&List!$L$11,'Project Follow up - Base'!$AC$3:$OC$3,"<>"&List!$L$12,'Project Follow up - Base'!$AC$3:$OC$3,"<>"&List!$L$13)) -> 0 | ... AL14: =IF('Project Follow up - Base'!$N30="",0, COUNTIFS('Project Follow up - Base'!$AC30:$OC30,"<="&10,'Project Follow up - Base'!$AC30:$OC30,">="&-10,'Project Follow up - Base'!$AC$3:$OC$3,">="&DATE(YEAR(AL$3),MONTH(AL$3),1),'Project Follow up - Base'!$AC$3:$OC$3,"<="&(DATE(YEAR(AL$3),MONTH(AL$3)+1,1)-1),'Project Follow up - Base'!$AC$4:$OC$4,"<>"&"Fri",'Project Follow up - Base'!$AC$4:$OC$4,"<>"&"Sat",'Project Follow up - Base'!$AC$3:$OC$3,"<>"&List!$L$3,'Project Follow up - Base'!$AC$3:$OC$3,"<>"&List!$L$4,'Project Follow up - Base'!$AC$3:$OC$3,"<>"&List!$L$5,'Project Follow up - Base'!$AC$3:$OC$3,"<>"&List!$L$6,'Project Follow up - Base'!$AC$3:$OC$3,"<>"&List!$L$7,'Project Follow up - Base'!$AC$3:$OC$3,"<>"&List!$L$8,'Project Follow up - Base'!$AC$3:$OC$3,"<>"&List!$L$9,'Project Follow up - Base'!$AC$3:$OC$3,"<>"&List!$L$10,'Project Follow up - Base'!$AC$3:$OC$3,"<>"&List!$L$11,'Project Follow up - Base'!$AC$3:$OC$3,"<>"&List!$L$12,'Project Follow up - Base'!$AC$3:$OC$3,"<>"&List!$L$13)) -> 0
A15: ='Project Follow up - Base'!$B$17 -> Studies | B15: ='Project Follow up - Base'!F31 | C15: =IF('Project Follow up - Base'!$N31="",0, COUNTIFS('Project Follow up - Base'!$AC31:$OC31,"<="&10,'Project Follow up - Base'!$AC31:$OC31,">="&-10,'Project Follow up - Base'!$AC$3:$OC$3,">="&DATE(YEAR(C$3),MONTH(C$3),1),'Project Follow up - Base'!$AC$3:$OC$3,"<="&(DATE(YEAR(C$3),MONTH(C$3)+1,1)-1),'Project Follow up - Base'!$AC$4:$OC$4,"<>"&"Fri",'Project Follow up - Base'!$AC$4:$OC$4,"<>"&"Sat",'Project Follow up - Base'!$AC$3:$OC$3,"<>"&List!$L$3,'Project Follow up - Base'!$AC$3:$OC$3,"<>"&List!$L$4,'Project Follow up - Base'!$AC$3:$OC$3,"<>"&List!$L$5,'Project Follow up - Base'!$AC$3:$OC$3,"<>"&List!$L$6,'Project Follow up - Base'!$AC$3:$OC$3,"<>"&List!$L$7,'Project Follow up - Base'!$AC$3:$OC$3,"<>"&List!$L$8,'Project Follow up - Base'!$AC$3:$OC$3,"<>"&List!$L$9,'Project Follow up - Base'!$AC$3:$OC$3,"<>"&List!$L$10,'Project Follow up - Base'!$AC$3:$OC$3,"<>"&List!$L$11,'Project Follow up - Base'!$AC$3:$OC$3,"<>"&List!$L$12,'Project Follow up - Base'!$AC$3:$OC$3,"<>"&List!$L$13)) -> 0 | D15: =IF('Project Follow up - Base'!$N31="",0, COUNTIFS('Project Follow up - Base'!$AC31:$OC31,"<="&10,'Project Follow up - Base'!$AC31:$OC31,">="&-10,'Project Follow up - Base'!$AC$3:$OC$3,">="&DATE(YEAR(D$3),MONTH(D$3),1),'Project Follow up - Base'!$AC$3:$OC$3,"<="&(DATE(YEAR(D$3),MONTH(D$3)+1,1)-1),'Project Follow up - Base'!$AC$4:$OC$4,"<>"&"Fri",'Project Follow up - Base'!$AC$4:$OC$4,"<>"&"Sat",'Project Follow up - Base'!$AC$3:$OC$3,"<>"&List!$L$3,'Project Follow up - Base'!$AC$3:$OC$3,"<>"&List!$L$4,'Project Follow up - Base'!$AC$3:$OC$3,"<>"&List!$L$5,'Project Follow up - Base'!$AC$3:$OC$3,"<>"&List!$L$6,'Project Follow up - Base'!$AC$3:$OC$3,"<>"&List!$L$7,'Project Follow up - Base'!$AC$3:$OC$3,"<>"&List!$L$8,'Project Follow up - Base'!$AC$3:$OC$3,"<>"&List!$L$9,'Project Follow up - Base'!$AC$3:$OC$3,"<>"&List!$L$10,'Project Follow up - Base'!$AC$3:$OC$3,"<>"&List!$L$11,'Project Follow up - Base'!$AC$3:$OC$3,"<>"&List!$L$12,'Project Follow up - Base'!$AC$3:$OC$3,"<>"&List!$L$13)) -> 0 | E15: =IF('Project Follow up - Base'!$N31="",0, COUNTIFS('Project Follow up - Base'!$AC31:$OC31,"<="&10,'Project Follow up - Base'!$AC31:$OC31,">="&-10,'Project Follow up - Base'!$AC$3:$OC$3,">="&DATE(YEAR(E$3),MONTH(E$3),1),'Project Follow up - Base'!$AC$3:$OC$3,"<="&(DATE(YEAR(E$3),MONTH(E$3)+1,1)-1),'Project Follow up - Base'!$AC$4:$OC$4,"<>"&"Fri",'Project Follow up - Base'!$AC$4:$OC$4,"<>"&"Sat",'Project Follow up - Base'!$AC$3:$OC$3,"<>"&List!$L$3,'Project Follow up - Base'!$AC$3:$OC$3,"<>"&List!$L$4,'Project Follow up - Base'!$AC$3:$OC$3,"<>"&List!$L$5,'Project Follow up - Base'!$AC$3:$OC$3,"<>"&List!$L$6,'Project Follow up - Base'!$AC$3:$OC$3,"<>"&List!$L$7,'Project Follow up - Base'!$AC$3:$OC$3,"<>"&List!$L$8,'Project Follow up - Base'!$AC$3:$OC$3,"<>"&List!$L$9,'Project Follow up - Base'!$AC$3:$OC$3,"<>"&List!$L$10,'Project Follow up - Base'!$AC$3:$OC$3,"<>"&List!$L$11,'Project Follow up - Base'!$AC$3:$OC$3,"<>"&List!$L$12,'Project Follow up - Base'!$AC$3:$OC$3,"<>"&List!$L$13)) -> 0 | F15: =IF('Project Follow up - Base'!$N31="",0, COUNTIFS('Project Follow up - Base'!$AC31:$OC31,"<="&10,'Project Follow up - Base'!$AC31:$OC31,">="&-10,'Project Follow up - Base'!$AC$3:$OC$3,">="&DATE(YEAR(F$3),MONTH(F$3),1),'Project Follow up - Base'!$AC$3:$OC$3,"<="&(DATE(YEAR(F$3),MONTH(F$3)+1,1)-1),'Project Follow up - Base'!$AC$4:$OC$4,"<>"&"Fri",'Project Follow up - Base'!$AC$4:$OC$4,"<>"&"Sat",'Project Follow up - Base'!$AC$3:$OC$3,"<>"&List!$L$3,'Project Follow up - Base'!$AC$3:$OC$3,"<>"&List!$L$4,'Project Follow up - Base'!$AC$3:$OC$3,"<>"&List!$L$5,'Project Follow up - Base'!$AC$3:$OC$3,"<>"&List!$L$6,'Project Follow up - Base'!$AC$3:$OC$3,"<>"&List!$L$7,'Project Follow up - Base'!$AC$3:$OC$3,"<>"&List!$L$8,'Project Follow up - Base'!$AC$3:$OC$3,"<>"&List!$L$9,'Project Follow up - Base'!$AC$3:$OC$3,"<>"&List!$L$10,'Project Follow up - Base'!$AC$3:$OC$3,"<>"&List!$L$11,'Project Follow up - Base'!$AC$3:$OC$3,"<>"&List!$L$12,'Project Follow up - Base'!$AC$3:$OC$3,"<>"&List!$L$13)) -> 0 | G15: =IF('Project Follow up - Base'!$N31="",0, COUNTIFS('Project Follow up - Base'!$AC31:$OC31,"<="&10,'Project Follow up - Base'!$AC31:$OC31,">="&-10,'Project Follow up - Base'!$AC$3:$OC$3,">="&DATE(YEAR(G$3),MONTH(G$3),1),'Project Follow up - Base'!$AC$3:$OC$3,"<="&(DATE(YEAR(G$3),MONTH(G$3)+1,1)-1),'Project Follow up - Base'!$AC$4:$OC$4,"<>"&"Fri",'Project Follow up - Base'!$AC$4:$OC$4,"<>"&"Sat",'Project Follow up - Base'!$AC$3:$OC$3,"<>"&List!$L$3,'Project Follow up - Base'!$AC$3:$OC$3,"<>"&List!$L$4,'Project Follow up - Base'!$AC$3:$OC$3,"<>"&List!$L$5,'Project Follow up - Base'!$AC$3:$OC$3,"<>"&List!$L$6,'Project Follow up - Base'!$AC$3:$OC$3,"<>"&List!$L$7,'Project Follow up - Base'!$AC$3:$OC$3,"<>"&List!$L$8,'Project Follow up - Base'!$AC$3:$OC$3,"<>"&List!$L$9,'Project Follow up - Base'!$AC$3:$OC$3,"<>"&List!$L$10,'Project Follow up - Base'!$AC$3:$OC$3,"<>"&List!$L$11,'Project Follow up - Base'!$AC$3:$OC$3,"<>"&List!$L$12,'Project Follow up - Base'!$AC$3:$OC$3,"<>"&List!$L$13)) -> 0 | H15: =IF('Project Follow up - Base'!$N31="",0, COUNTIFS('Project Follow up - Base'!$AC31:$OC31,"<="&10,'Project Follow up - Base'!$AC31:$OC31,">="&-10,'Project Follow up - Base'!$AC$3:$OC$3,">="&DATE(YEAR(H$3),MONTH(H$3),1),'Project Follow up - Base'!$AC$3:$OC$3,"<="&(DATE(YEAR(H$3),MONTH(H$3)+1,1)-1),'Project Follow up - Base'!$AC$4:$OC$4,"<>"&"Fri",'Project Follow up - Base'!$AC$4:$OC$4,"<>"&"Sat",'Project Follow up - Base'!$AC$3:$OC$3,"<>"&List!$L$3,'Project Follow up - Base'!$AC$3:$OC$3,"<>"&List!$L$4,'Project Follow up - Base'!$AC$3:$OC$3,"<>"&List!$L$5,'Project Follow up - Base'!$AC$3:$OC$3,"<>"&List!$L$6,'Project Follow up - Base'!$AC$3:$OC$3,"<>"&List!$L$7,'Project Follow up - Base'!$AC$3:$OC$3,"<>"&List!$L$8,'Project Follow up - Base'!$AC$3:$OC$3,"<>"&List!$L$9,'Project Follow up - Base'!$AC$3:$OC$3,"<>"&List!$L$10,'Project Follow up - Base'!$AC$3:$OC$3,"<>"&List!$L$11,'Project Follow up - Base'!$AC$3:$OC$3,"<>"&List!$L$12,'Project Follow up - Base'!$AC$3:$OC$3,"<>"&List!$L$13)) -> 0 | I15: =IF('Project Follow up - Base'!$N31="",0, COUNTIFS('Project Follow up - Base'!$AC31:$OC31,"<="&10,'Project Follow up - Base'!$AC31:$OC31,">="&-10,'Project Follow up - Base'!$AC$3:$OC$3,">="&DATE(YEAR(I$3),MONTH(I$3),1),'Project Follow up - Base'!$AC$3:$OC$3,"<="&(DATE(YEAR(I$3),MONTH(I$3)+1,1)-1),'Project Follow up - Base'!$AC$4:$OC$4,"<>"&"Fri",'Project Follow up - Base'!$AC$4:$OC$4,"<>"&"Sat",'Project Follow up - Base'!$AC$3:$OC$3,"<>"&List!$L$3,'Project Follow up - Base'!$AC$3:$OC$3,"<>"&List!$L$4,'Project Follow up - Base'!$AC$3:$OC$3,"<>"&List!$L$5,'Project Follow up - Base'!$AC$3:$OC$3,"<>"&List!$L$6,'Project Follow up - Base'!$AC$3:$OC$3,"<>"&List!$L$7,'Project Follow up - Base'!$AC$3:$OC$3,"<>"&List!$L$8,'Project Follow up - Base'!$AC$3:$OC$3,"<>"&List!$L$9,'Project Follow up - Base'!$AC$3:$OC$3,"<>"&List!$L$10,'Project Follow up - Base'!$AC$3:$OC$3,"<>"&List!$L$11,'Project Follow up - Base'!$AC$3:$OC$3,"<>"&List!$L$12,'Project Follow up - Base'!$AC$3:$OC$3,"<>"&List!$L$13)) -> 0 | J15: =IF('Project Follow up - Base'!$N31="",0, COUNTIFS('Project Follow up - Base'!$AC31:$OC31,"<="&10,'Project Follow up - Base'!$AC31:$OC31,">="&-10,'Project Follow up - Base'!$AC$3:$OC$3,">="&DATE(YEAR(J$3),MONTH(J$3),1),'Project Follow up - Base'!$AC$3:$OC$3,"<="&(DATE(YEAR(J$3),MONTH(J$3)+1,1)-1),'Project Follow up - Base'!$AC$4:$OC$4,"<>"&"Fri",'Project Follow up - Base'!$AC$4:$OC$4,"<>"&"Sat",'Project Follow up - Base'!$AC$3:$OC$3,"<>"&List!$L$3,'Project Follow up - Base'!$AC$3:$OC$3,"<>"&List!$L$4,'Project Follow up - Base'!$AC$3:$OC$3,"<>"&List!$L$5,'Project Follow up - Base'!$AC$3:$OC$3,"<>"&List!$L$6,'Project Follow up - Base'!$AC$3:$OC$3,"<>"&List!$L$7,'Project Follow up - Base'!$AC$3:$OC$3,"<>"&List!$L$8,'Project Follow up - Base'!$AC$3:$OC$3,"<>"&List!$L$9,'Project Follow up - Base'!$AC$3:$OC$3,"<>"&List!$L$10,'Project Follow up - Base'!$AC$3:$OC$3,"<>"&List!$L$11,'Project Follow up - Base'!$AC$3:$OC$3,"<>"&List!$L$12,'Project Follow up - Base'!$AC$3:$OC$3,"<>"&List!$L$13)) -> 0 | ... AL15: =IF('Project Follow up - Base'!$N31="",0, COUNTIFS('Project Follow up - Base'!$AC31:$OC31,"<="&10,'Project Follow up - Base'!$AC31:$OC31,">="&-10,'Project Follow up - Base'!$AC$3:$OC$3,">="&DATE(YEAR(AL$3),MONTH(AL$3),1),'Project Follow up - Base'!$AC$3:$OC$3,"<="&(DATE(YEAR(AL$3),MONTH(AL$3)+1,1)-1),'Project Follow up - Base'!$AC$4:$OC$4,"<>"&"Fri",'Project Follow up - Base'!$AC$4:$OC$4,"<>"&"Sat",'Project Follow up - Base'!$AC$3:$OC$3,"<>"&List!$L$3,'Project Follow up - Base'!$AC$3:$OC$3,"<>"&List!$L$4,'Project Follow up - Base'!$AC$3:$OC$3,"<>"&List!$L$5,'Project Follow up - Base'!$AC$3:$OC$3,"<>"&List!$L$6,'Project Follow up - Base'!$AC$3:$OC$3,"<>"&List!$L$7,'Project Follow up - Base'!$AC$3:$OC$3,"<>"&List!$L$8,'Project Follow up - Base'!$AC$3:$OC$3,"<>"&List!$L$9,'Project Follow up - Base'!$AC$3:$OC$3,"<>"&List!$L$10,'Project Follow up - Base'!$AC$3:$OC$3,"<>"&List!$L$11,'Project Follow up - Base'!$AC$3:$OC$3,"<>"&List!$L$12,'Project Follow up - Base'!$AC$3:$OC$3,"<>"&List!$L$13)) -> 0
... A20: ='Project Follow up - Base'!$B$17 -> Studies | B20: ='Project Follow up - Base'!F36 -> 0 | C20: =IF('Project Follow up - Base'!$N36="",0, COUNTIFS('Project Follow up - Base'!$AC36:$OC36,"<="&10,'Project Follow up - Base'!$AC36:$OC36,">="&-10,'Project Follow up - Base'!$AC$3:$OC$3,">="&DATE(YEAR(C$3),MONTH(C$3),1),'Project Follow up - Base'!$AC$3:$OC$3,"<="&(DATE(YEAR(C$3),MONTH(C$3)+1,1)-1),'Project Follow up - Base'!$AC$4:$OC$4,"<>"&"Fri",'Project Follow up - Base'!$AC$4:$OC$4,"<>"&"Sat",'Project Follow up - Base'!$AC$3:$OC$3,"<>"&List!$L$3,'Project Follow up - Base'!$AC$3:$OC$3,"<>"&List!$L$4,'Project Follow up - Base'!$AC$3:$OC$3,"<>"&List!$L$5,'Project Follow up - Base'!$AC$3:$OC$3,"<>"&List!$L$6,'Project Follow up - Base'!$AC$3:$OC$3,"<>"&List!$L$7,'Project Follow up - Base'!$AC$3:$OC$3,"<>"&List!$L$8,'Project Follow up - Base'!$AC$3:$OC$3,"<>"&List!$L$9,'Project Follow up - Base'!$AC$3:$OC$3,"<>"&List!$L$10,'Project Follow up - Base'!$AC$3:$OC$3,"<>"&List!$L$11,'Project Follow up - Base'!$AC$3:$OC$3,"<>"&List!$L$12,'Project Follow up - Base'!$AC$3:$OC$3,"<>"&List!$L$13)) -> 0 | D20: =IF('Project Follow up - Base'!$N36="",0, COUNTIFS('Project Follow up - Base'!$AC36:$OC36,"<="&10,'Project Follow up - Base'!$AC36:$OC36,">="&-10,'Project Follow up - Base'!$AC$3:$OC$3,">="&DATE(YEAR(D$3),MONTH(D$3),1),'Project Follow up - Base'!$AC$3:$OC$3,"<="&(DATE(YEAR(D$3),MONTH(D$3)+1,1)-1),'Project Follow up - Base'!$AC$4:$OC$4,"<>"&"Fri",'Project Follow up - Base'!$AC$4:$OC$4,"<>"&"Sat",'Project Follow up - Base'!$AC$3:$OC$3,"<>"&List!$L$3,'Project Follow up - Base'!$AC$3:$OC$3,"<>"&List!$L$4,'Project Follow up - Base'!$AC$3:$OC$3,"<>"&List!$L$5,'Project Follow up - Base'!$AC$3:$OC$3,"<>"&List!$L$6,'Project Follow up - Base'!$AC$3:$OC$3,"<>"&List!$L$7,'Project Follow up - Base'!$AC$3:$OC$3,"<>"&List!$L$8,'Project Follow up - Base'!$AC$3:$OC$3,"<>"&List!$L$9,'Project Follow up - Base'!$AC$3:$OC$3,"<>"&List!$L$10,'Project Follow up - Base'!$AC$3:$OC$3,"<>"&List!$L$11,'Project Follow up - Base'!$AC$3:$OC$3,"<>"&List!$L$12,'Project Follow up - Base'!$AC$3:$OC$3,"<>"&List!$L$13)) -> 0 | E20: =IF('Project Follow up - Base'!$N36="",0, COUNTIFS('Project Follow up - Base'!$AC36:$OC36,"<="&10,'Project Follow up - Base'!$AC36:$OC36,">="&-10,'Project Follow up - Base'!$AC$3:$OC$3,">="&DATE(YEAR(E$3),MONTH(E$3),1),'Project Follow up - Base'!$AC$3:$OC$3,"<="&(DATE(YEAR(E$3),MONTH(E$3)+1,1)-1),'Project Follow up - Base'!$AC$4:$OC$4,"<>"&"Fri",'Project Follow up - Base'!$AC$4:$OC$4,"<>"&"Sat",'Project Follow up - Base'!$AC$3:$OC$3,"<>"&List!$L$3,'Project Follow up - Base'!$AC$3:$OC$3,"<>"&List!$L$4,'Project Follow up - Base'!$AC$3:$OC$3,"<>"&List!$L$5,'Project Follow up - Base'!$AC$3:$OC$3,"<>"&List!$L$6,'Project Follow up - Base'!$AC$3:$OC$3,"<>"&List!$L$7,'Project Follow up - Base'!$AC$3:$OC$3,"<>"&List!$L$8,'Project Follow up - Base'!$AC$3:$OC$3,"<>"&List!$L$9,'Project Follow up - Base'!$AC$3:$OC$3,"<>"&List!$L$10,'Project Follow up - Base'!$AC$3:$OC$3,"<>"&List!$L$11,'Project Follow up - Base'!$AC$3:$OC$3,"<>"&List!$L$12,'Project Follow up - Base'!$AC$3:$OC$3,"<>"&List!$L$13)) -> 0 | F20: =IF('Project Follow up - Base'!$N36="",0, COUNTIFS('Project Follow up - Base'!$AC36:$OC36,"<="&10,'Project Follow up - Base'!$AC36:$OC36,">="&-10,'Project Follow up - Base'!$AC$3:$OC$3,">="&DATE(YEAR(F$3),MONTH(F$3),1),'Project Follow up - Base'!$AC$3:$OC$3,"<="&(DATE(YEAR(F$3),MONTH(F$3)+1,1)-1),'Project Follow up - Base'!$AC$4:$OC$4,"<>"&"Fri",'Project Follow up - Base'!$AC$4:$OC$4,"<>"&"Sat",'Project Follow up - Base'!$AC$3:$OC$3,"<>"&List!$L$3,'Project Follow up - Base'!$AC$3:$OC$3,"<>"&List!$L$4,'Project Follow up - Base'!$AC$3:$OC$3,"<>"&List!$L$5,'Project Follow up - Base'!$AC$3:$OC$3,"<>"&List!$L$6,'Project Follow up - Base'!$AC$3:$OC$3,"<>"&List!$L$7,'Project Follow up - Base'!$AC$3:$OC$3,"<>"&List!$L$8,'Project Follow up - Base'!$AC$3:$OC$3,"<>"&List!$L$9,'Project Follow up - Base'!$AC$3:$OC$3,"<>"&List!$L$10,'Project Follow up - Base'!$AC$3:$OC$3,"<>"&List!$L$11,'Project Follow up - Base'!$AC$3:$OC$3,"<>"&List!$L$12,'Project Follow up - Base'!$AC$3:$OC$3,"<>"&List!$L$13)) -> 0 | G20: =IF('Project Follow up - Base'!$N36="",0, COUNTIFS('Project Follow up - Base'!$AC36:$OC36,"<="&10,'Project Follow up - Base'!$AC36:$OC36,">="&-10,'Project Follow up - Base'!$AC$3:$OC$3,">="&DATE(YEAR(G$3),MONTH(G$3),1),'Project Follow up - Base'!$AC$3:$OC$3,"<="&(DATE(YEAR(G$3),MONTH(G$3)+1,1)-1),'Project Follow up - Base'!$AC$4:$OC$4,"<>"&"Fri",'Project Follow up - Base'!$AC$4:$OC$4,"<>"&"Sat",'Project Follow up - Base'!$AC$3:$OC$3,"<>"&List!$L$3,'Project Follow up - Base'!$AC$3:$OC$3,"<>"&List!$L$4,'Project Follow up - Base'!$AC$3:$OC$3,"<>"&List!$L$5,'Project Follow up - Base'!$AC$3:$OC$3,"<>"&List!$L$6,'Project Follow up - Base'!$AC$3:$OC$3,"<>"&List!$L$7,'Project Follow up - Base'!$AC$3:$OC$3,"<>"&List!$L$8,'Project Follow up - Base'!$AC$3:$OC$3,"<>"&List!$L$9,'Project Follow up - Base'!$AC$3:$OC$3,"<>"&List!$L$10,'Project Follow up - Base'!$AC$3:$OC$3,"<>"&List!$L$11,'Project Follow up - Base'!$AC$3:$OC$3,"<>"&List!$L$12,'Project Follow up - Base'!$AC$3:$OC$3,"<>"&List!$L$13)) -> 0 | H20: =IF('Project Follow up - Base'!$N36="",0, COUNTIFS('Project Follow up - Base'!$AC36:$OC36,"<="&10,'Project Follow up - Base'!$AC36:$OC36,">="&-10,'Project Follow up - Base'!$AC$3:$OC$3,">="&DATE(YEAR(H$3),MONTH(H$3),1),'Project Follow up - Base'!$AC$3:$OC$3,"<="&(DATE(YEAR(H$3),MONTH(H$3)+1,1)-1),'Project Follow up - Base'!$AC$4:$OC$4,"<>"&"Fri",'Project Follow up - Base'!$AC$4:$OC$4,"<>"&"Sat",'Project Follow up - Base'!$AC$3:$OC$3,"<>"&List!$L$3,'Project Follow up - Base'!$AC$3:$OC$3,"<>"&List!$L$4,'Project Follow up - Base'!$AC$3:$OC$3,"<>"&List!$L$5,'Project Follow up - Base'!$AC$3:$OC$3,"<>"&List!$L$6,'Project Follow up - Base'!$AC$3:$OC$3,"<>"&List!$L$7,'Project Follow up - Base'!$AC$3:$OC$3,"<>"&List!$L$8,'Project Follow up - Base'!$AC$3:$OC$3,"<>"&List!$L$9,'Project Follow up - Base'!$AC$3:$OC$3,"<>"&List!$L$10,'Project Follow up - Base'!$AC$3:$OC$3,"<>"&List!$L$11,'Project Follow up - Base'!$AC$3:$OC$3,"<>"&List!$L$12,'Project Follow up - Base'!$AC$3:$OC$3,"<>"&List!$L$13)) -> 0 | I20: =IF('Project Follow up - Base'!$N36="",0, COUNTIFS('Project Follow up - Base'!$AC36:$OC36,"<="&10,'Project Follow up - Base'!$AC36:$OC36,">="&-10,'Project Follow up - Base'!$AC$3:$OC$3,">="&DATE(YEAR(I$3),MONTH(I$3),1),'Project Follow up - Base'!$AC$3:$OC$3,"<="&(DATE(YEAR(I$3),MONTH(I$3)+1,1)-1),'Project Follow up - Base'!$AC$4:$OC$4,"<>"&"Fri",'Project Follow up - Base'!$AC$4:$OC$4,"<>"&"Sat",'Project Follow up - Base'!$AC$3:$OC$3,"<>"&List!$L$3,'Project Follow up - Base'!$AC$3:$OC$3,"<>"&List!$L$4,'Project Follow up - Base'!$AC$3:$OC$3,"<>"&List!$L$5,'Project Follow up - Base'!$AC$3:$OC$3,"<>"&List!$L$6,'Project Follow up - Base'!$AC$3:$OC$3,"<>"&List!$L$7,'Project Follow up - Base'!$AC$3:$OC$3,"<>"&List!$L$8,'Project Follow up - Base'!$AC$3:$OC$3,"<>"&List!$L$9,'Project Follow up - Base'!$AC$3:$OC$3,"<>"&List!$L$10,'Project Follow up - Base'!$AC$3:$OC$3,"<>"&List!$L$11,'Project Follow up - Base'!$AC$3:$OC$3,"<>"&List!$L$12,'Project Follow up - Base'!$AC$3:$OC$3,"<>"&List!$L$13)) -> 0 | J20: =IF('Project Follow up - Base'!$N36="",0, COUNTIFS('Project Follow up - Base'!$AC36:$OC36,"<="&10,'Project Follow up - Base'!$AC36:$OC36,">="&-10,'Project Follow up - Base'!$AC$3:$OC$3,">="&DATE(YEAR(J$3),MONTH(J$3),1),'Project Follow up - Base'!$AC$3:$OC$3,"<="&(DATE(YEAR(J$3),MONTH(J$3)+1,1)-1),'Project Follow up - Base'!$AC$4:$OC$4,"<>"&"Fri",'Project Follow up - Base'!$AC$4:$OC$4,"<>"&"Sat",'Project Follow up - Base'!$AC$3:$OC$3,"<>"&List!$L$3,'Project Follow up - Base'!$AC$3:$OC$3,"<>"&List!$L$4,'Project Follow up - Base'!$AC$3:$OC$3,"<>"&List!$L$5,'Project Follow up - Base'!$AC$3:$OC$3,"<>"&List!$L$6,'Project Follow up - Base'!$AC$3:$OC$3,"<>"&List!$L$7,'Project Follow up - Base'!$AC$3:$OC$3,"<>"&List!$L$8,'Project Follow up - Base'!$AC$3:$OC$3,"<>"&List!$L$9,'Project Follow up - Base'!$AC$3:$OC$3,"<>"&List!$L$10,'Project Follow up - Base'!$AC$3:$OC$3,"<>"&List!$L$11,'Project Follow up - Base'!$AC$3:$OC$3,"<>"&List!$L$12,'Project Follow up - Base'!$AC$3:$OC$3,"<>"&List!$L$13)) -> 0 | ... AL20: =IF('Project Follow up - Base'!$N36="",0, COUNTIFS('Project Follow up - Base'!$AC36:$OC36,"<="&10,'Project Follow up - Base'!$AC36:$OC36,">="&-10,'Project Follow up - Base'!$AC$3:$OC$3,">="&DATE(YEAR(AL$3),MONTH(AL$3),1),'Project Follow up - Base'!$AC$3:$OC$3,"<="&(DATE(YEAR(AL$3),MONTH(AL$3)+1,1)-1),'Project Follow up - Base'!$AC$4:$OC$4,"<>"&"Fri",'Project Follow up - Base'!$AC$4:$OC$4,"<>"&"Sat",'Project Follow up - Base'!$AC$3:$OC$3,"<>"&List!$L$3,'Project Follow up - Base'!$AC$3:$OC$3,"<>"&List!$L$4,'Project Follow up - Base'!$AC$3:$OC$3,"<>"&List!$L$5,'Project Follow up - Base'!$AC$3:$OC$3,"<>"&List!$L$6,'Project Follow up - Base'!$AC$3:$OC$3,"<>"&List!$L$7,'Project Follow up - Base'!$AC$3:$OC$3,"<>"&List!$L$8,'Project Follow up - Base'!$AC$3:$OC$3,"<>"&List!$L$9,'Project Follow up - Base'!$AC$3:$OC$3,"<>"&List!$L$10,'Project Follow up - Base'!$AC$3:$OC$3,"<>"&List!$L$11,'Project Follow up - Base'!$AC$3:$OC$3,"<>"&List!$L$12,'Project Follow up - Base'!$AC$3:$OC$3,"<>"&List!$L$13)) -> 0
A25: ='Project Follow up - Base'!$B$38 -> Design | B25: ='Project Follow up - Base'!F41 -> Riyadh Almaghrabi | C25: =IF('Project Follow up - Base'!$N41="",0, COUNTIFS('Project Follow up - Base'!$AC41:$OC41,"<="&10,'Project Follow up - Base'!$AC41:$OC41,">="&-10,'Project Follow up - Base'!$AC$3:$OC$3,">="&DATE(YEAR(C$3),MONTH(C$3),1),'Project Follow up - Base'!$AC$3:$OC$3,"<="&(DATE(YEAR(C$3),MONTH(C$3)+1,1)-1),'Project Follow up - Base'!$AC$4:$OC$4,"<>"&"Fri",'Project Follow up - Base'!$AC$4:$OC$4,"<>"&"Sat",'Project Follow up - Base'!$AC$3:$OC$3,"<>"&List!$L$3,'Project Follow up - Base'!$AC$3:$OC$3,"<>"&List!$L$4,'Project Follow up - Base'!$AC$3:$OC$3,"<>"&List!$L$5,'Project Follow up - Base'!$AC$3:$OC$3,"<>"&List!$L$6,'Project Follow up - Base'!$AC$3:$OC$3,"<>"&List!$L$7,'Project Follow up - Base'!$AC$3:$OC$3,"<>"&List!$L$8,'Project Follow up - Base'!$AC$3:$OC$3,"<>"&List!$L$9,'Project Follow up - Base'!$AC$3:$OC$3,"<>"&List!$L$10,'Project Follow up - Base'!$AC$3:$OC$3,"<>"&List!$L$11,'Project Follow up - Base'!$AC$3:$OC$3,"<>"&List!$L$12,'Project Follow up - Base'!$AC$3:$OC$3,"<>"&List!$L$13)) -> 0 | D25: =IF('Project Follow up - Base'!$N41="",0, COUNTIFS('Project Follow up - Base'!$AC41:$OC41,"<="&10,'Project Follow up - Base'!$AC41:$OC41,">="&-10,'Project Follow up - Base'!$AC$3:$OC$3,">="&DATE(YEAR(D$3),MONTH(D$3),1),'Project Follow up - Base'!$AC$3:$OC$3,"<="&(DATE(YEAR(D$3),MONTH(D$3)+1,1)-1),'Project Follow up - Base'!$AC$4:$OC$4,"<>"&"Fri",'Project Follow up - Base'!$AC$4:$OC$4,"<>"&"Sat",'Project Follow up - Base'!$AC$3:$OC$3,"<>"&List!$L$3,'Project Follow up - Base'!$AC$3:$OC$3,"<>"&List!$L$4,'Project Follow up - Base'!$AC$3:$OC$3,"<>"&List!$L$5,'Project Follow up - Base'!$AC$3:$OC$3,"<>"&List!$L$6,'Project Follow up - Base'!$AC$3:$OC$3,"<>"&List!$L$7,'Project Follow up - Base'!$AC$3:$OC$3,"<>"&List!$L$8,'Project Follow up - Base'!$AC$3:$OC$3,"<>"&List!$L$9,'Project Follow up - Base'!$AC$3:$OC$3,"<>"&List!$L$10,'Project Follow up - Base'!$AC$3:$OC$3,"<>"&List!$L$11,'Project Follow up - Base'!$AC$3:$OC$3,"<>"&List!$L$12,'Project Follow up - Base'!$AC$3:$OC$3,"<>"&List!$L$13)) -> 0 | E25: =IF('Project Follow up - Base'!$N41="",0, COUNTIFS('Project Follow up - Base'!$AC41:$OC41,"<="&10,'Project Follow up - Base'!$AC41:$OC41,">="&-10,'Project Follow up - Base'!$AC$3:$OC$3,">="&DATE(YEAR(E$3),MONTH(E$3),1),'Project Follow up - Base'!$AC$3:$OC$3,"<="&(DATE(YEAR(E$3),MONTH(E$3)+1,1)-1),'Project Follow up - Base'!$AC$4:$OC$4,"<>"&"Fri",'Project Follow up - Base'!$AC$4:$OC$4,"<>"&"Sat",'Project Follow up - Base'!$AC$3:$OC$3,"<>"&List!$L$3,'Project Follow up - Base'!$AC$3:$OC$3,"<>"&List!$L$4,'Project Follow up - Base'!$AC$3:$OC$3,"<>"&List!$L$5,'Project Follow up - Base'!$AC$3:$OC$3,"<>"&List!$L$6,'Project Follow up - Base'!$AC$3:$OC$3,"<>"&List!$L$7,'Project Follow up - Base'!$AC$3:$OC$3,"<>"&List!$L$8,'Project Follow up - Base'!$AC$3:$OC$3,"<>"&List!$L$9,'Project Follow up - Base'!$AC$3:$OC$3,"<>"&List!$L$10,'Project Follow up - Base'!$AC$3:$OC$3,"<>"&List!$L$11,'Project Follow up - Base'!$AC$3:$OC$3,"<>"&List!$L$12,'Project Follow up - Base'!$AC$3:$OC$3,"<>"&List!$L$13)) -> 30 | F25: =IF('Project Follow up - Base'!$N41="",0, COUNTIFS('Project Follow up - Base'!$AC41:$OC41,"<="&10,'Project Follow up - Base'!$AC41:$OC41,">="&-10,'Project Follow up - Base'!$AC$3:$OC$3,">="&DATE(YEAR(F$3),MONTH(F$3),1),'Project Follow up - Base'!$AC$3:$OC$3,"<="&(DATE(YEAR(F$3),MONTH(F$3)+1,1)-1),'Project Follow up - Base'!$AC$4:$OC$4,"<>"&"Fri",'Project Follow up - Base'!$AC$4:$OC$4,"<>"&"Sat",'Project Follow up - Base'!$AC$3:$OC$3,"<>"&List!$L$3,'Project Follow up - Base'!$AC$3:$OC$3,"<>"&List!$L$4,'Project Follow up - Base'!$AC$3:$OC$3,"<>"&List!$L$5,'Project Follow up - Base'!$AC$3:$OC$3,"<>"&List!$L$6,'Project Follow up - Base'!$AC$3:$OC$3,"<>"&List!$L$7,'Project Follow up - Base'!$AC$3:$OC$3,"<>"&List!$L$8,'Project Follow up - Base'!$AC$3:$OC$3,"<>"&List!$L$9,'Project Follow up - Base'!$AC$3:$OC$3,"<>"&List!$L$10,'Project Follow up - Base'!$AC$3:$OC$3,"<>"&List!$L$11,'Project Follow up - Base'!$AC$3:$OC$3,"<>"&List!$L$12,'Project Follow up - Base'!$AC$3:$OC$3,"<>"&List!$L$13)) -> 0 | G25: =IF('Project Follow up - Base'!$N41="",0, COUNTIFS('Project Follow up - Base'!$AC41:$OC41,"<="&10,'Project Follow up - Base'!$AC41:$OC41,">="&-10,'Project Follow up - Base'!$AC$3:$OC$3,">="&DATE(YEAR(G$3),MONTH(G$3),1),'Project Follow up - Base'!$AC$3:$OC$3,"<="&(DATE(YEAR(G$3),MONTH(G$3)+1,1)-1),'Project Follow up - Base'!$AC$4:$OC$4,"<>"&"Fri",'Project Follow up - Base'!$AC$4:$OC$4,"<>"&"Sat",'Project Follow up - Base'!$AC$3:$OC$3,"<>"&List!$L$3,'Project Follow up - Base'!$AC$3:$OC$3,"<>"&List!$L$4,'Project Follow up - Base'!$AC$3:$OC$3,"<>"&List!$L$5,'Project Follow up - Base'!$AC$3:$OC$3,"<>"&List!$L$6,'Project Follow up - Base'!$AC$3:$OC$3,"<>"&List!$L$7,'Project Follow up - Base'!$AC$3:$OC$3,"<>"&List!$L$8,'Project Follow up - Base'!$AC$3:$OC$3,"<>"&List!$L$9,'Project Follow up - Base'!$AC$3:$OC$3,"<>"&List!$L$10,'Project Follow up - Base'!$AC$3:$OC$3,"<>"&List!$L$11,'Project Follow up - Base'!$AC$3:$OC$3,"<>"&List!$L$12,'Project Follow up - Base'!$AC$3:$OC$3,"<>"&List!$L$13)) -> 8 | H25: =IF('Project Follow up - Base'!$N41="",0, COUNTIFS('Project Follow up - Base'!$AC41:$OC41,"<="&10,'Project Follow up - Base'!$AC41:$OC41,">="&-10,'Project Follow up - Base'!$AC$3:$OC$3,">="&DATE(YEAR(H$3),MONTH(H$3),1),'Project Follow up - Base'!$AC$3:$OC$3,"<="&(DATE(YEAR(H$3),MONTH(H$3)+1,1)-1),'Project Follow up - Base'!$AC$4:$OC$4,"<>"&"Fri",'Project Follow up - Base'!$AC$4:$OC$4,"<>"&"Sat",'Project Follow up - Base'!$AC$3:$OC$3,"<>"&List!$L$3,'Project Follow up - Base'!$AC$3:$OC$3,"<>"&List!$L$4,'Project Follow up - Base'!$AC$3:$OC$3,"<>"&List!$L$5,'Project Follow up - Base'!$AC$3:$OC$3,"<>"&List!$L$6,'Project Follow up - Base'!$AC$3:$OC$3,"<>"&List!$L$7,'Project Follow up - Base'!$AC$3:$OC$3,"<>"&List!$L$8,'Project Follow up - Base'!$AC$3:$OC$3,"<>"&List!$L$9,'Project Follow up - Base'!$AC$3:$OC$3,"<>"&List!$L$10,'Project Follow up - Base'!$AC$3:$OC$3,"<>"&List!$L$11,'Project Follow up - Base'!$AC$3:$OC$3,"<>"&List!$L$12,'Project Follow up - Base'!$AC$3:$OC$3,"<>"&List!$L$13)) -> 0 | I25: =IF('Project Follow up - Base'!$N41="",0, COUNTIFS('Project Follow up - Base'!$AC41:$OC41,"<="&10,'Project Follow up - Base'!$AC41:$OC41,">="&-10,'Project Follow up - Base'!$AC$3:$OC$3,">="&DATE(YEAR(I$3),MONTH(I$3),1),'Project Follow up - Base'!$AC$3:$OC$3,"<="&(DATE(YEAR(I$3),MONTH(I$3)+1,1)-1),'Project Follow up - Base'!$AC$4:$OC$4,"<>"&"Fri",'Project Follow up - Base'!$AC$4:$OC$4,"<>"&"Sat",'Project Follow up - Base'!$AC$3:$OC$3,"<>"&List!$L$3,'Project Follow up - Base'!$AC$3:$OC$3,"<>"&List!$L$4,'Project Follow up - Base'!$AC$3:$OC$3,"<>"&List!$L$5,'Project Follow up - Base'!$AC$3:$OC$3,"<>"&List!$L$6,'Project Follow up - Base'!$AC$3:$OC$3,"<>"&List!$L$7,'Project Follow up - Base'!$AC$3:$OC$3,"<>"&List!$L$8,'Project Follow up - Base'!$AC$3:$OC$3,"<>"&List!$L$9,'Project Follow up - Base'!$AC$3:$OC$3,"<>"&List!$L$10,'Project Follow up - Base'!$AC$3:$OC$3,"<>"&List!$L$11,'Project Follow up - Base'!$AC$3:$OC$3,"<>"&List!$L$12,'Project Follow up - Base'!$AC$3:$OC$3,"<>"&List!$L$13)) -> 0 | J25: =IF('Project Follow up - Base'!$N41="",0, COUNTIFS('Project Follow up - Base'!$AC41:$OC41,"<="&10,'Project Follow up - Base'!$AC41:$OC41,">="&-10,'Project Follow up - Base'!$AC$3:$OC$3,">="&DATE(YEAR(J$3),MONTH(J$3),1),'Project Follow up - Base'!$AC$3:$OC$3,"<="&(DATE(YEAR(J$3),MONTH(J$3)+1,1)-1),'Project Follow up - Base'!$AC$4:$OC$4,"<>"&"Fri",'Project Follow up - Base'!$AC$4:$OC$4,"<>"&"Sat",'Project Follow up - Base'!$AC$3:$OC$3,"<>"&List!$L$3,'Project Follow up - Base'!$AC$3:$OC$3,"<>"&List!$L$4,'Project Follow up - Base'!$AC$3:$OC$3,"<>"&List!$L$5,'Project Follow up - Base'!$AC$3:$OC$3,"<>"&List!$L$6,'Project Follow up - Base'!$AC$3:$OC$3,"<>"&List!$L$7,'Project Follow up - Base'!$AC$3:$OC$3,"<>"&List!$L$8,'Project Follow up - Base'!$AC$3:$OC$3,"<>"&List!$L$9,'Project Follow up - Base'!$AC$3:$OC$3,"<>"&List!$L$10,'Project Follow up - Base'!$AC$3:$OC$3,"<>"&List!$L$11,'Project Follow up - Base'!$AC$3:$OC$3,"<>"&List!$L$12,'Project Follow up - Base'!$AC$3:$OC$3,"<>"&List!$L$13)) -> 0 | ... AL25: =IF('Project Follow up - Base'!$N41="",0, COUNTIFS('Project Follow up - Base'!$AC41:$OC41,"<="&10,'Project Follow up - Base'!$AC41:$OC41,">="&-10,'Project Follow up - Base'!$AC$3:$OC$3,">="&DATE(YEAR(AL$3),MONTH(AL$3),1),'Project Follow up - Base'!$AC$3:$OC$3,"<="&(DATE(YEAR(AL$3),MONTH(AL$3)+1,1)-1),'Project Follow up - Base'!$AC$4:$OC$4,"<>"&"Fri",'Project Follow up - Base'!$AC$4:$OC$4,"<>"&"Sat",'Project Follow up - Base'!$AC$3:$OC$3,"<>"&List!$L$3,'Project Follow up - Base'!$AC$3:$OC$3,"<>"&List!$L$4,'Project Follow up - Base'!$AC$3:$OC$3,"<>"&List!$L$5,'Project Follow up - Base'!$AC$3:$OC$3,"<>"&List!$L$6,'Project Follow up - Base'!$AC$3:$OC$3,"<>"&List!$L$7,'Project Follow up - Base'!$AC$3:$OC$3,"<>"&List!$L$8,'Project Follow up - Base'!$AC$3:$OC$3,"<>"&List!$L$9,'Project Follow up - Base'!$AC$3:$OC$3,"<>"&List!$L$10,'Project Follow up - Base'!$AC$3:$OC$3,"<>"&List!$L$11,'Project Follow up - Base'!$AC$3:$OC$3,"<>"&List!$L$12,'Project Follow up - Base'!$AC$3:$OC$3,"<>"&List!$L$13)) -> 0
A26: ='Project Follow up - Base'!$B$38 -> Design | B26: ='Project Follow up - Base'!F42 -> Riyadh Almaghrabi | C26: =IF('Project Follow up - Base'!$N42="",0, COUNTIFS('Project Follow up - Base'!$AC42:$OC42,"<="&10,'Project Follow up - Base'!$AC42:$OC42,">="&-10,'Project Follow up - Base'!$AC$3:$OC$3,">="&DATE(YEAR(C$3),MONTH(C$3),1),'Project Follow up - Base'!$AC$3:$OC$3,"<="&(DATE(YEAR(C$3),MONTH(C$3)+1,1)-1),'Project Follow up - Base'!$AC$4:$OC$4,"<>"&"Fri",'Project Follow up - Base'!$AC$4:$OC$4,"<>"&"Sat",'Project Follow up - Base'!$AC$3:$OC$3,"<>"&List!$L$3,'Project Follow up - Base'!$AC$3:$OC$3,"<>"&List!$L$4,'Project Follow up - Base'!$AC$3:$OC$3,"<>"&List!$L$5,'Project Follow up - Base'!$AC$3:$OC$3,"<>"&List!$L$6,'Project Follow up - Base'!$AC$3:$OC$3,"<>"&List!$L$7,'Project Follow up - Base'!$AC$3:$OC$3,"<>"&List!$L$8,'Project Follow up - Base'!$AC$3:$OC$3,"<>"&List!$L$9,'Project Follow up - Base'!$AC$3:$OC$3,"<>"&List!$L$10,'Project Follow up - Base'!$AC$3:$OC$3,"<>"&List!$L$11,'Project Follow up - Base'!$AC$3:$OC$3,"<>"&List!$L$12,'Project Follow up - Base'!$AC$3:$OC$3,"<>"&List!$L$13)) -> 0 | D26: =IF('Project Follow up - Base'!$N42="",0, COUNTIFS('Project Follow up - Base'!$AC42:$OC42,"<="&10,'Project Follow up - Base'!$AC42:$OC42,">="&-10,'Project Follow up - Base'!$AC$3:$OC$3,">="&DATE(YEAR(D$3),MONTH(D$3),1),'Project Follow up - Base'!$AC$3:$OC$3,"<="&(DATE(YEAR(D$3),MONTH(D$3)+1,1)-1),'Project Follow up - Base'!$AC$4:$OC$4,"<>"&"Fri",'Project Follow up - Base'!$AC$4:$OC$4,"<>"&"Sat",'Project Follow up - Base'!$AC$3:$OC$3,"<>"&List!$L$3,'Project Follow up - Base'!$AC$3:$OC$3,"<>"&List!$L$4,'Project Follow up - Base'!$AC$3:$OC$3,"<>"&List!$L$5,'Project Follow up - Base'!$AC$3:$OC$3,"<>"&List!$L$6,'Project Follow up - Base'!$AC$3:$OC$3,"<>"&List!$L$7,'Project Follow up - Base'!$AC$3:$OC$3,"<>"&List!$L$8,'Project Follow up - Base'!$AC$3:$OC$3,"<>"&List!$L$9,'Project Follow up - Base'!$AC$3:$OC$3,"<>"&List!$L$10,'Project Follow up - Base'!$AC$3:$OC$3,"<>"&List!$L$11,'Project Follow up - Base'!$AC$3:$OC$3,"<>"&List!$L$12,'Project Follow up - Base'!$AC$3:$OC$3,"<>"&List!$L$13)) -> 0 | E26: =IF('Project Follow up - Base'!$N42="",0, COUNTIFS('Project Follow up - Base'!$AC42:$OC42,"<="&10,'Project Follow up - Base'!$AC42:$OC42,">="&-10,'Project Follow up - Base'!$AC$3:$OC$3,">="&DATE(YEAR(E$3),MONTH(E$3),1),'Project Follow up - Base'!$AC$3:$OC$3,"<="&(DATE(YEAR(E$3),MONTH(E$3)+1,1)-1),'Project Follow up - Base'!$AC$4:$OC$4,"<>"&"Fri",'Project Follow up - Base'!$AC$4:$OC$4,"<>"&"Sat",'Project Follow up - Base'!$AC$3:$OC$3,"<>"&List!$L$3,'Project Follow up - Base'!$AC$3:$OC$3,"<>"&List!$L$4,'Project Follow up - Base'!$AC$3:$OC$3,"<>"&List!$L$5,'Project Follow up - Base'!$AC$3:$OC$3,"<>"&List!$L$6,'Project Follow up - Base'!$AC$3:$OC$3,"<>"&List!$L$7,'Project Follow up - Base'!$AC$3:$OC$3,"<>"&List!$L$8,'Project Follow up - Base'!$AC$3:$OC$3,"<>"&List!$L$9,'Project Follow up - Base'!$AC$3:$OC$3,"<>"&List!$L$10,'Project Follow up - Base'!$AC$3:$OC$3,"<>"&List!$L$11,'Project Follow up - Base'!$AC$3:$OC$3,"<>"&List!$L$12,'Project Follow up - Base'!$AC$3:$OC$3,"<>"&List!$L$13)) -> 0 | F26: =IF('Project Follow up - Base'!$N42="",0, COUNTIFS('Project Follow up - Base'!$AC42:$OC42,"<="&10,'Project Follow up - Base'!$AC42:$OC42,">="&-10,'Project Follow up - Base'!$AC$3:$OC$3,">="&DATE(YEAR(F$3),MONTH(F$3),1),'Project Follow up - Base'!$AC$3:$OC$3,"<="&(DATE(YEAR(F$3),MONTH(F$3)+1,1)-1),'Project Follow up - Base'!$AC$4:$OC$4,"<>"&"Fri",'Project Follow up - Base'!$AC$4:$OC$4,"<>"&"Sat",'Project Follow up - Base'!$AC$3:$OC$3,"<>"&List!$L$3,'Project Follow up - Base'!$AC$3:$OC$3,"<>"&List!$L$4,'Project Follow up - Base'!$AC$3:$OC$3,"<>"&List!$L$5,'Project Follow up - Base'!$AC$3:$OC$3,"<>"&List!$L$6,'Project Follow up - Base'!$AC$3:$OC$3,"<>"&List!$L$7,'Project Follow up - Base'!$AC$3:$OC$3,"<>"&List!$L$8,'Project Follow up - Base'!$AC$3:$OC$3,"<>"&List!$L$9,'Project Follow up - Base'!$AC$3:$OC$3,"<>"&List!$L$10,'Project Follow up - Base'!$AC$3:$OC$3,"<>"&List!$L$11,'Project Follow up - Base'!$AC$3:$OC$3,"<>"&List!$L$12,'Project Follow up - Base'!$AC$3:$OC$3,"<>"&List!$L$13)) -> 0 | G26: =IF('Project Follow up - Base'!$N42="",0, COUNTIFS('Project Follow up - Base'!$AC42:$OC42,"<="&10,'Project Follow up - Base'!$AC42:$OC42,">="&-10,'Project Follow up - Base'!$AC$3:$OC$3,">="&DATE(YEAR(G$3),MONTH(G$3),1),'Project Follow up - Base'!$AC$3:$OC$3,"<="&(DATE(YEAR(G$3),MONTH(G$3)+1,1)-1),'Project Follow up - Base'!$AC$4:$OC$4,"<>"&"Fri",'Project Follow up - Base'!$AC$4:$OC$4,"<>"&"Sat",'Project Follow up - Base'!$AC$3:$OC$3,"<>"&List!$L$3,'Project Follow up - Base'!$AC$3:$OC$3,"<>"&List!$L$4,'Project Follow up - Base'!$AC$3:$OC$3,"<>"&List!$L$5,'Project Follow up - Base'!$AC$3:$OC$3,"<>"&List!$L$6,'Project Follow up - Base'!$AC$3:$OC$3,"<>"&List!$L$7,'Project Follow up - Base'!$AC$3:$OC$3,"<>"&List!$L$8,'Project Follow up - Base'!$AC$3:$OC$3,"<>"&List!$L$9,'Project Follow up - Base'!$AC$3:$OC$3,"<>"&List!$L$10,'Project Follow up - Base'!$AC$3:$OC$3,"<>"&List!$L$11,'Project Follow up - Base'!$AC$3:$OC$3,"<>"&List!$L$12,'Project Follow up - Base'!$AC$3:$OC$3,"<>"&List!$L$13)) -> 1 | H26: =IF('Project Follow up - Base'!$N42="",0, COUNTIFS('Project Follow up - Base'!$AC42:$OC42,"<="&10,'Project Follow up - Base'!$AC42:$OC42,">="&-10,'Project Follow up - Base'!$AC$3:$OC$3,">="&DATE(YEAR(H$3),MONTH(H$3),1),'Project Follow up - Base'!$AC$3:$OC$3,"<="&(DATE(YEAR(H$3),MONTH(H$3)+1,1)-1),'Project Follow up - Base'!$AC$4:$OC$4,"<>"&"Fri",'Project Follow up - Base'!$AC$4:$OC$4,"<>"&"Sat",'Project Follow up - Base'!$AC$3:$OC$3,"<>"&List!$L$3,'Project Follow up - Base'!$AC$3:$OC$3,"<>"&List!$L$4,'Project Follow up - Base'!$AC$3:$OC$3,"<>"&List!$L$5,'Project Follow up - Base'!$AC$3:$OC$3,"<>"&List!$L$6,'Project Follow up - Base'!$AC$3:$OC$3,"<>"&List!$L$7,'Project Follow up - Base'!$AC$3:$OC$3,"<>"&List!$L$8,'Project Follow up - Base'!$AC$3:$OC$3,"<>"&List!$L$9,'Project Follow up - Base'!$AC$3:$OC$3,"<>"&List!$L$10,'Project Follow up - Base'!$AC$3:$OC$3,"<>"&List!$L$11,'Project Follow up - Base'!$AC$3:$OC$3,"<>"&List!$L$12,'Project Follow up - Base'!$AC$3:$OC$3,"<>"&List!$L$13)) -> 0 | I26: =IF('Project Follow up - Base'!$N42="",0, COUNTIFS('Project Follow up - Base'!$AC42:$OC42,"<="&10,'Project Follow up - Base'!$AC42:$OC42,">="&-10,'Project Follow up - Base'!$AC$3:$OC$3,">="&DATE(YEAR(I$3),MONTH(I$3),1),'Project Follow up - Base'!$AC$3:$OC$3,"<="&(DATE(YEAR(I$3),MONTH(I$3)+1,1)-1),'Project Follow up - Base'!$AC$4:$OC$4,"<>"&"Fri",'Project Follow up - Base'!$AC$4:$OC$4,"<>"&"Sat",'Project Follow up - Base'!$AC$3:$OC$3,"<>"&List!$L$3,'Project Follow up - Base'!$AC$3:$OC$3,"<>"&List!$L$4,'Project Follow up - Base'!$AC$3:$OC$3,"<>"&List!$L$5,'Project Follow up - Base'!$AC$3:$OC$3,"<>"&List!$L$6,'Project Follow up - Base'!$AC$3:$OC$3,"<>"&List!$L$7,'Project Follow up - Base'!$AC$3:$OC$3,"<>"&List!$L$8,'Project Follow up - Base'!$AC$3:$OC$3,"<>"&List!$L$9,'Project Follow up - Base'!$AC$3:$OC$3,"<>"&List!$L$10,'Project Follow up - Base'!$AC$3:$OC$3,"<>"&List!$L$11,'Project Follow up - Base'!$AC$3:$OC$3,"<>"&List!$L$12,'Project Follow up - Base'!$AC$3:$OC$3,"<>"&List!$L$13)) -> 0 | J26: =IF('Project Follow up - Base'!$N42="",0, COUNTIFS('Project Follow up - Base'!$AC42:$OC42,"<="&10,'Project Follow up - Base'!$AC42:$OC42,">="&-10,'Project Follow up - Base'!$AC$3:$OC$3,">="&DATE(YEAR(J$3),MONTH(J$3),1),'Project Follow up - Base'!$AC$3:$OC$3,"<="&(DATE(YEAR(J$3),MONTH(J$3)+1,1)-1),'Project Follow up - Base'!$AC$4:$OC$4,"<>"&"Fri",'Project Follow up - Base'!$AC$4:$OC$4,"<>"&"Sat",'Project Follow up - Base'!$AC$3:$OC$3,"<>"&List!$L$3,'Project Follow up - Base'!$AC$3:$OC$3,"<>"&List!$L$4,'Project Follow up - Base'!$AC$3:$OC$3,"<>"&List!$L$5,'Project Follow up - Base'!$AC$3:$OC$3,"<>"&List!$L$6,'Project Follow up - Base'!$AC$3:$OC$3,"<>"&List!$L$7,'Project Follow up - Base'!$AC$3:$OC$3,"<>"&List!$L$8,'Project Follow up - Base'!$AC$3:$OC$3,"<>"&List!$L$9,'Project Follow up - Base'!$AC$3:$OC$3,"<>"&List!$L$10,'Project Follow up - Base'!$AC$3:$OC$3,"<>"&List!$L$11,'Project Follow up - Base'!$AC$3:$OC$3,"<>"&List!$L$12,'Project Follow up - Base'!$AC$3:$OC$3,"<>"&List!$L$13)) -> 0 | ... AL26: =IF('Project Follow up - Base'!$N42="",0, COUNTIFS('Project Follow up - Base'!$AC42:$OC42,"<="&10,'Project Follow up - Base'!$AC42:$OC42,">="&-10,'Project Follow up - Base'!$AC$3:$OC$3,">="&DATE(YEAR(AL$3),MONTH(AL$3),1),'Project Follow up - Base'!$AC$3:$OC$3,"<="&(DATE(YEAR(AL$3),MONTH(AL$3)+1,1)-1),'Project Follow up - Base'!$AC$4:$OC$4,"<>"&"Fri",'Project Follow up - Base'!$AC$4:$OC$4,"<>"&"Sat",'Project Follow up - Base'!$AC$3:$OC$3,"<>"&List!$L$3,'Project Follow up - Base'!$AC$3:$OC$3,"<>"&List!$L$4,'Project Follow up - Base'!$AC$3:$OC$3,"<>"&List!$L$5,'Project Follow up - Base'!$AC$3:$OC$3,"<>"&List!$L$6,'Project Follow up - Base'!$AC$3:$OC$3,"<>"&List!$L$7,'Project Follow up - Base'!$AC$3:$OC$3,"<>"&List!$L$8,'Project Follow up - Base'!$AC$3:$OC$3,"<>"&List!$L$9,'Project Follow up - Base'!$AC$3:$OC$3,"<>"&List!$L$10,'Project Follow up - Base'!$AC$3:$OC$3,"<>"&List!$L$11,'Project Follow up - Base'!$AC$3:$OC$3,"<>"&List!$L$12,'Project Follow up - Base'!$AC$3:$OC$3,"<>"&List!$L$13)) -> 0
A27: ='Project Follow up - Base'!$B$38 -> Design | B27: ='Project Follow up - Base'!F43 | C27: =IF('Project Follow up - Base'!$N43="",0, COUNTIFS('Project Follow up - Base'!$AC43:$OC43,"<="&10,'Project Follow up - Base'!$AC43:$OC43,">="&-10,'Project Follow up - Base'!$AC$3:$OC$3,">="&DATE(YEAR(C$3),MONTH(C$3),1),'Project Follow up - Base'!$AC$3:$OC$3,"<="&(DATE(YEAR(C$3),MONTH(C$3)+1,1)-1),'Project Follow up - Base'!$AC$4:$OC$4,"<>"&"Fri",'Project Follow up - Base'!$AC$4:$OC$4,"<>"&"Sat",'Project Follow up - Base'!$AC$3:$OC$3,"<>"&List!$L$3,'Project Follow up - Base'!$AC$3:$OC$3,"<>"&List!$L$4,'Project Follow up - Base'!$AC$3:$OC$3,"<>"&List!$L$5,'Project Follow up - Base'!$AC$3:$OC$3,"<>"&List!$L$6,'Project Follow up - Base'!$AC$3:$OC$3,"<>"&List!$L$7,'Project Follow up - Base'!$AC$3:$OC$3,"<>"&List!$L$8,'Project Follow up - Base'!$AC$3:$OC$3,"<>"&List!$L$9,'Project Follow up - Base'!$AC$3:$OC$3,"<>"&List!$L$10,'Project Follow up - Base'!$AC$3:$OC$3,"<>"&List!$L$11,'Project Follow up - Base'!$AC$3:$OC$3,"<>"&List!$L$12,'Project Follow up - Base'!$AC$3:$OC$3,"<>"&List!$L$13)) -> 0 | D27: =IF('Project Follow up - Base'!$N43="",0, COUNTIFS('Project Follow up - Base'!$AC43:$OC43,"<="&10,'Project Follow up - Base'!$AC43:$OC43,">="&-10,'Project Follow up - Base'!$AC$3:$OC$3,">="&DATE(YEAR(D$3),MONTH(D$3),1),'Project Follow up - Base'!$AC$3:$OC$3,"<="&(DATE(YEAR(D$3),MONTH(D$3)+1,1)-1),'Project Follow up - Base'!$AC$4:$OC$4,"<>"&"Fri",'Project Follow up - Base'!$AC$4:$OC$4,"<>"&"Sat",'Project Follow up - Base'!$AC$3:$OC$3,"<>"&List!$L$3,'Project Follow up - Base'!$AC$3:$OC$3,"<>"&List!$L$4,'Project Follow up - Base'!$AC$3:$OC$3,"<>"&List!$L$5,'Project Follow up - Base'!$AC$3:$OC$3,"<>"&List!$L$6,'Project Follow up - Base'!$AC$3:$OC$3,"<>"&List!$L$7,'Project Follow up - Base'!$AC$3:$OC$3,"<>"&List!$L$8,'Project Follow up - Base'!$AC$3:$OC$3,"<>"&List!$L$9,'Project Follow up - Base'!$AC$3:$OC$3,"<>"&List!$L$10,'Project Follow up - Base'!$AC$3:$OC$3,"<>"&List!$L$11,'Project Follow up - Base'!$AC$3:$OC$3,"<>"&List!$L$12,'Project Follow up - Base'!$AC$3:$OC$3,"<>"&List!$L$13)) -> 0 | E27: =IF('Project Follow up - Base'!$N43="",0, COUNTIFS('Project Follow up - Base'!$AC43:$OC43,"<="&10,'Project Follow up - Base'!$AC43:$OC43,">="&-10,'Project Follow up - Base'!$AC$3:$OC$3,">="&DATE(YEAR(E$3),MONTH(E$3),1),'Project Follow up - Base'!$AC$3:$OC$3,"<="&(DATE(YEAR(E$3),MONTH(E$3)+1,1)-1),'Project Follow up - Base'!$AC$4:$OC$4,"<>"&"Fri",'Project Follow up - Base'!$AC$4:$OC$4,"<>"&"Sat",'Project Follow up - Base'!$AC$3:$OC$3,"<>"&List!$L$3,'Project Follow up - Base'!$AC$3:$OC$3,"<>"&List!$L$4,'Project Follow up - Base'!$AC$3:$OC$3,"<>"&List!$L$5,'Project Follow up - Base'!$AC$3:$OC$3,"<>"&List!$L$6,'Project Follow up - Base'!$AC$3:$OC$3,"<>"&List!$L$7,'Project Follow up - Base'!$AC$3:$OC$3,"<>"&List!$L$8,'Project Follow up - Base'!$AC$3:$OC$3,"<>"&List!$L$9,'Project Follow up - Base'!$AC$3:$OC$3,"<>"&List!$L$10,'Project Follow up - Base'!$AC$3:$OC$3,"<>"&List!$L$11,'Project Follow up - Base'!$AC$3:$OC$3,"<>"&List!$L$12,'Project Follow up - Base'!$AC$3:$OC$3,"<>"&List!$L$13)) -> 0 | F27: =IF('Project Follow up - Base'!$N43="",0, COUNTIFS('Project Follow up - Base'!$AC43:$OC43,"<="&10,'Project Follow up - Base'!$AC43:$OC43,">="&-10,'Project Follow up - Base'!$AC$3:$OC$3,">="&DATE(YEAR(F$3),MONTH(F$3),1),'Project Follow up - Base'!$AC$3:$OC$3,"<="&(DATE(YEAR(F$3),MONTH(F$3)+1,1)-1),'Project Follow up - Base'!$AC$4:$OC$4,"<>"&"Fri",'Project Follow up - Base'!$AC$4:$OC$4,"<>"&"Sat",'Project Follow up - Base'!$AC$3:$OC$3,"<>"&List!$L$3,'Project Follow up - Base'!$AC$3:$OC$3,"<>"&List!$L$4,'Project Follow up - Base'!$AC$3:$OC$3,"<>"&List!$L$5,'Project Follow up - Base'!$AC$3:$OC$3,"<>"&List!$L$6,'Project Follow up - Base'!$AC$3:$OC$3,"<>"&List!$L$7,'Project Follow up - Base'!$AC$3:$OC$3,"<>"&List!$L$8,'Project Follow up - Base'!$AC$3:$OC$3,"<>"&List!$L$9,'Project Follow up - Base'!$AC$3:$OC$3,"<>"&List!$L$10,'Project Follow up - Base'!$AC$3:$OC$3,"<>"&List!$L$11,'Project Follow up - Base'!$AC$3:$OC$3,"<>"&List!$L$12,'Project Follow up - Base'!$AC$3:$OC$3,"<>"&List!$L$13)) -> 0 | G27: =IF('Project Follow up - Base'!$N43="",0, COUNTIFS('Project Follow up - Base'!$AC43:$OC43,"<="&10,'Project Follow up - Base'!$AC43:$OC43,">="&-10,'Project Follow up - Base'!$AC$3:$OC$3,">="&DATE(YEAR(G$3),MONTH(G$3),1),'Project Follow up - Base'!$AC$3:$OC$3,"<="&(DATE(YEAR(G$3),MONTH(G$3)+1,1)-1),'Project Follow up - Base'!$AC$4:$OC$4,"<>"&"Fri",'Project Follow up - Base'!$AC$4:$OC$4,"<>"&"Sat",'Project Follow up - Base'!$AC$3:$OC$3,"<>"&List!$L$3,'Project Follow up - Base'!$AC$3:$OC$3,"<>"&List!$L$4,'Project Follow up - Base'!$AC$3:$OC$3,"<>"&List!$L$5,'Project Follow up - Base'!$AC$3:$OC$3,"<>"&List!$L$6,'Project Follow up - Base'!$AC$3:$OC$3,"<>"&List!$L$7,'Project Follow up - Base'!$AC$3:$OC$3,"<>"&List!$L$8,'Project Follow up - Base'!$AC$3:$OC$3,"<>"&List!$L$9,'Project Follow up - Base'!$AC$3:$OC$3,"<>"&List!$L$10,'Project Follow up - Base'!$AC$3:$OC$3,"<>"&List!$L$11,'Project Follow up - Base'!$AC$3:$OC$3,"<>"&List!$L$12,'Project Follow up - Base'!$AC$3:$OC$3,"<>"&List!$L$13)) -> 1 | H27: =IF('Project Follow up - Base'!$N43="",0, COUNTIFS('Project Follow up - Base'!$AC43:$OC43,"<="&10,'Project Follow up - Base'!$AC43:$OC43,">="&-10,'Project Follow up - Base'!$AC$3:$OC$3,">="&DATE(YEAR(H$3),MONTH(H$3),1),'Project Follow up - Base'!$AC$3:$OC$3,"<="&(DATE(YEAR(H$3),MONTH(H$3)+1,1)-1),'Project Follow up - Base'!$AC$4:$OC$4,"<>"&"Fri",'Project Follow up - Base'!$AC$4:$OC$4,"<>"&"Sat",'Project Follow up - Base'!$AC$3:$OC$3,"<>"&List!$L$3,'Project Follow up - Base'!$AC$3:$OC$3,"<>"&List!$L$4,'Project Follow up - Base'!$AC$3:$OC$3,"<>"&List!$L$5,'Project Follow up - Base'!$AC$3:$OC$3,"<>"&List!$L$6,'Project Follow up - Base'!$AC$3:$OC$3,"<>"&List!$L$7,'Project Follow up - Base'!$AC$3:$OC$3,"<>"&List!$L$8,'Project Follow up - Base'!$AC$3:$OC$3,"<>"&List!$L$9,'Project Follow up - Base'!$AC$3:$OC$3,"<>"&List!$L$10,'Project Follow up - Base'!$AC$3:$OC$3,"<>"&List!$L$11,'Project Follow up - Base'!$AC$3:$OC$3,"<>"&List!$L$12,'Project Follow up - Base'!$AC$3:$OC$3,"<>"&List!$L$13)) -> 0 | I27: =IF('Project Follow up - Base'!$N43="",0, COUNTIFS('Project Follow up - Base'!$AC43:$OC43,"<="&10,'Project Follow up - Base'!$AC43:$OC43,">="&-10,'Project Follow up - Base'!$AC$3:$OC$3,">="&DATE(YEAR(I$3),MONTH(I$3),1),'Project Follow up - Base'!$AC$3:$OC$3,"<="&(DATE(YEAR(I$3),MONTH(I$3)+1,1)-1),'Project Follow up - Base'!$AC$4:$OC$4,"<>"&"Fri",'Project Follow up - Base'!$AC$4:$OC$4,"<>"&"Sat",'Project Follow up - Base'!$AC$3:$OC$3,"<>"&List!$L$3,'Project Follow up - Base'!$AC$3:$OC$3,"<>"&List!$L$4,'Project Follow up - Base'!$AC$3:$OC$3,"<>"&List!$L$5,'Project Follow up - Base'!$AC$3:$OC$3,"<>"&List!$L$6,'Project Follow up - Base'!$AC$3:$OC$3,"<>"&List!$L$7,'Project Follow up - Base'!$AC$3:$OC$3,"<>"&List!$L$8,'Project Follow up - Base'!$AC$3:$OC$3,"<>"&List!$L$9,'Project Follow up - Base'!$AC$3:$OC$3,"<>"&List!$L$10,'Project Follow up - Base'!$AC$3:$OC$3,"<>"&List!$L$11,'Project Follow up - Base'!$AC$3:$OC$3,"<>"&List!$L$12,'Project Follow up - Base'!$AC$3:$OC$3,"<>"&List!$L$13)) -> 0 | J27: =IF('Project Follow up - Base'!$N43="",0, COUNTIFS('Project Follow up - Base'!$AC43:$OC43,"<="&10,'Project Follow up - Base'!$AC43:$OC43,">="&-10,'Project Follow up - Base'!$AC$3:$OC$3,">="&DATE(YEAR(J$3),MONTH(J$3),1),'Project Follow up - Base'!$AC$3:$OC$3,"<="&(DATE(YEAR(J$3),MONTH(J$3)+1,1)-1),'Project Follow up - Base'!$AC$4:$OC$4,"<>"&"Fri",'Project Follow up - Base'!$AC$4:$OC$4,"<>"&"Sat",'Project Follow up - Base'!$AC$3:$OC$3,"<>"&List!$L$3,'Project Follow up - Base'!$AC$3:$OC$3,"<>"&List!$L$4,'Project Follow up - Base'!$AC$3:$OC$3,"<>"&List!$L$5,'Project Follow up - Base'!$AC$3:$OC$3,"<>"&List!$L$6,'Project Follow up - Base'!$AC$3:$OC$3,"<>"&List!$L$7,'Project Follow up - Base'!$AC$3:$OC$3,"<>"&List!$L$8,'Project Follow up - Base'!$AC$3:$OC$3,"<>"&List!$L$9,'Project Follow up - Base'!$AC$3:$OC$3,"<>"&List!$L$10,'Project Follow up - Base'!$AC$3:$OC$3,"<>"&List!$L$11,'Project Follow up - Base'!$AC$3:$OC$3,"<>"&List!$L$12,'Project Follow up - Base'!$AC$3:$OC$3,"<>"&List!$L$13)) -> 0 | ... AL27: =IF('Project Follow up - Base'!$N43="",0, COUNTIFS('Project Follow up - Base'!$AC43:$OC43,"<="&10,'Project Follow up - Base'!$AC43:$OC43,">="&-10,'Project Follow up - Base'!$AC$3:$OC$3,">="&DATE(YEAR(AL$3),MONTH(AL$3),1),'Project Follow up - Base'!$AC$3:$OC$3,"<="&(DATE(YEAR(AL$3),MONTH(AL$3)+1,1)-1),'Project Follow up - Base'!$AC$4:$OC$4,"<>"&"Fri",'Project Follow up - Base'!$AC$4:$OC$4,"<>"&"Sat",'Project Follow up - Base'!$AC$3:$OC$3,"<>"&List!$L$3,'Project Follow up - Base'!$AC$3:$OC$3,"<>"&List!$L$4,'Project Follow up - Base'!$AC$3:$OC$3,"<>"&List!$L$5,'Project Follow up - Base'!$AC$3:$OC$3,"<>"&List!$L$6,'Project Follow up - Base'!$AC$3:$OC$3,"<>"&List!$L$7,'Project Follow up - Base'!$AC$3:$OC$3,"<>"&List!$L$8,'Project Follow up - Base'!$AC$3:$OC$3,"<>"&List!$L$9,'Project Follow up - Base'!$AC$3:$OC$3,"<>"&List!$L$10,'Project Follow up - Base'!$AC$3:$OC$3,"<>"&List!$L$11,'Project Follow up - Base'!$AC$3:$OC$3,"<>"&List!$L$12,'Project Follow up - Base'!$AC$3:$OC$3,"<>"&List!$L$13)) -> 0
A28: ='Project Follow up - Base'!$B$38 -> Design | B28: ='Project Follow up - Base'!F44 -> Riyadh Almaghrabi | C28: =IF('Project Follow up - Base'!$N44="",0, COUNTIFS('Project Follow up - Base'!$AC44:$OC44,"<="&10,'Project Follow up - Base'!$AC44:$OC44,">="&-10,'Project Follow up - Base'!$AC$3:$OC$3,">="&DATE(YEAR(C$3),MONTH(C$3),1),'Project Follow up - Base'!$AC$3:$OC$3,"<="&(DATE(YEAR(C$3),MONTH(C$3)+1,1)-1),'Project Follow up - Base'!$AC$4:$OC$4,"<>"&"Fri",'Project Follow up - Base'!$AC$4:$OC$4,"<>"&"Sat",'Project Follow up - Base'!$AC$3:$OC$3,"<>"&List!$L$3,'Project Follow up - Base'!$AC$3:$OC$3,"<>"&List!$L$4,'Project Follow up - Base'!$AC$3:$OC$3,"<>"&List!$L$5,'Project Follow up - Base'!$AC$3:$OC$3,"<>"&List!$L$6,'Project Follow up - Base'!$AC$3:$OC$3,"<>"&List!$L$7,'Project Follow up - Base'!$AC$3:$OC$3,"<>"&List!$L$8,'Project Follow up - Base'!$AC$3:$OC$3,"<>"&List!$L$9,'Project Follow up - Base'!$AC$3:$OC$3,"<>"&List!$L$10,'Project Follow up - Base'!$AC$3:$OC$3,"<>"&List!$L$11,'Project Follow up - Base'!$AC$3:$OC$3,"<>"&List!$L$12,'Project Follow up - Base'!$AC$3:$OC$3,"<>"&List!$L$13)) -> 0 | D28: =IF('Project Follow up - Base'!$N44="",0, COUNTIFS('Project Follow up - Base'!$AC44:$OC44,"<="&10,'Project Follow up - Base'!$AC44:$OC44,">="&-10,'Project Follow up - Base'!$AC$3:$OC$3,">="&DATE(YEAR(D$3),MONTH(D$3),1),'Project Follow up - Base'!$AC$3:$OC$3,"<="&(DATE(YEAR(D$3),MONTH(D$3)+1,1)-1),'Project Follow up - Base'!$AC$4:$OC$4,"<>"&"Fri",'Project Follow up - Base'!$AC$4:$OC$4,"<>"&"Sat",'Project Follow up - Base'!$AC$3:$OC$3,"<>"&List!$L$3,'Project Follow up - Base'!$AC$3:$OC$3,"<>"&List!$L$4,'Project Follow up - Base'!$AC$3:$OC$3,"<>"&List!$L$5,'Project Follow up - Base'!$AC$3:$OC$3,"<>"&List!$L$6,'Project Follow up - Base'!$AC$3:$OC$3,"<>"&List!$L$7,'Project Follow up - Base'!$AC$3:$OC$3,"<>"&List!$L$8,'Project Follow up - Base'!$AC$3:$OC$3,"<>"&List!$L$9,'Project Follow up - Base'!$AC$3:$OC$3,"<>"&List!$L$10,'Project Follow up - Base'!$AC$3:$OC$3,"<>"&List!$L$11,'Project Follow up - Base'!$AC$3:$OC$3,"<>"&List!$L$12,'Project Follow up - Base'!$AC$3:$OC$3,"<>"&List!$L$13)) -> 0 | E28: =IF('Project Follow up - Base'!$N44="",0, COUNTIFS('Project Follow up - Base'!$AC44:$OC44,"<="&10,'Project Follow up - Base'!$AC44:$OC44,">="&-10,'Project Follow up - Base'!$AC$3:$OC$3,">="&DATE(YEAR(E$3),MONTH(E$3),1),'Project Follow up - Base'!$AC$3:$OC$3,"<="&(DATE(YEAR(E$3),MONTH(E$3)+1,1)-1),'Project Follow up - Base'!$AC$4:$OC$4,"<>"&"Fri",'Project Follow up - Base'!$AC$4:$OC$4,"<>"&"Sat",'Project Follow up - Base'!$AC$3:$OC$3,"<>"&List!$L$3,'Project Follow up - Base'!$AC$3:$OC$3,"<>"&List!$L$4,'Project Follow up - Base'!$AC$3:$OC$3,"<>"&List!$L$5,'Project Follow up - Base'!$AC$3:$OC$3,"<>"&List!$L$6,'Project Follow up - Base'!$AC$3:$OC$3,"<>"&List!$L$7,'Project Follow up - Base'!$AC$3:$OC$3,"<>"&List!$L$8,'Project Follow up - Base'!$AC$3:$OC$3,"<>"&List!$L$9,'Project Follow up - Base'!$AC$3:$OC$3,"<>"&List!$L$10,'Project Follow up - Base'!$AC$3:$OC$3,"<>"&List!$L$11,'Project Follow up - Base'!$AC$3:$OC$3,"<>"&List!$L$12,'Project Follow up - Base'!$AC$3:$OC$3,"<>"&List!$L$13)) -> 0 | F28: =IF('Project Follow up - Base'!$N44="",0, COUNTIFS('Project Follow up - Base'!$AC44:$OC44,"<="&10,'Project Follow up - Base'!$AC44:$OC44,">="&-10,'Project Follow up - Base'!$AC$3:$OC$3,">="&DATE(YEAR(F$3),MONTH(F$3),1),'Project Follow up - Base'!$AC$3:$OC$3,"<="&(DATE(YEAR(F$3),MONTH(F$3)+1,1)-1),'Project Follow up - Base'!$AC$4:$OC$4,"<>"&"Fri",'Project Follow up - Base'!$AC$4:$OC$4,"<>"&"Sat",'Project Follow up - Base'!$AC$3:$OC$3,"<>"&List!$L$3,'Project Follow up - Base'!$AC$3:$OC$3,"<>"&List!$L$4,'Project Follow up - Base'!$AC$3:$OC$3,"<>"&List!$L$5,'Project Follow up - Base'!$AC$3:$OC$3,"<>"&List!$L$6,'Project Follow up - Base'!$AC$3:$OC$3,"<>"&List!$L$7,'Project Follow up - Base'!$AC$3:$OC$3,"<>"&List!$L$8,'Project Follow up - Base'!$AC$3:$OC$3,"<>"&List!$L$9,'Project Follow up - Base'!$AC$3:$OC$3,"<>"&List!$L$10,'Project Follow up - Base'!$AC$3:$OC$3,"<>"&List!$L$11,'Project Follow up - Base'!$AC$3:$OC$3,"<>"&List!$L$12,'Project Follow up - Base'!$AC$3:$OC$3,"<>"&List!$L$13)) -> 0 | G28: =IF('Project Follow up - Base'!$N44="",0, COUNTIFS('Project Follow up - Base'!$AC44:$OC44,"<="&10,'Project Follow up - Base'!$AC44:$OC44,">="&-10,'Project Follow up - Base'!$AC$3:$OC$3,">="&DATE(YEAR(G$3),MONTH(G$3),1),'Project Follow up - Base'!$AC$3:$OC$3,"<="&(DATE(YEAR(G$3),MONTH(G$3)+1,1)-1),'Project Follow up - Base'!$AC$4:$OC$4,"<>"&"Fri",'Project Follow up - Base'!$AC$4:$OC$4,"<>"&"Sat",'Project Follow up - Base'!$AC$3:$OC$3,"<>"&List!$L$3,'Project Follow up - Base'!$AC$3:$OC$3,"<>"&List!$L$4,'Project Follow up - Base'!$AC$3:$OC$3,"<>"&List!$L$5,'Project Follow up - Base'!$AC$3:$OC$3,"<>"&List!$L$6,'Project Follow up - Base'!$AC$3:$OC$3,"<>"&List!$L$7,'Project Follow up - Base'!$AC$3:$OC$3,"<>"&List!$L$8,'Project Follow up - Base'!$AC$3:$OC$3,"<>"&List!$L$9,'Project Follow up - Base'!$AC$3:$OC$3,"<>"&List!$L$10,'Project Follow up - Base'!$AC$3:$OC$3,"<>"&List!$L$11,'Project Follow up - Base'!$AC$3:$OC$3,"<>"&List!$L$12,'Project Follow up - Base'!$AC$3:$OC$3,"<>"&List!$L$13)) -> 9 | H28: =IF('Project Follow up - Base'!$N44="",0, COUNTIFS('Project Follow up - Base'!$AC44:$OC44,"<="&10,'Project Follow up - Base'!$AC44:$OC44,">="&-10,'Project Follow up - Base'!$AC$3:$OC$3,">="&DATE(YEAR(H$3),MONTH(H$3),1),'Project Follow up - Base'!$AC$3:$OC$3,"<="&(DATE(YEAR(H$3),MONTH(H$3)+1,1)-1),'Project Follow up - Base'!$AC$4:$OC$4,"<>"&"Fri",'Project Follow up - Base'!$AC$4:$OC$4,"<>"&"Sat",'Project Follow up - Base'!$AC$3:$OC$3,"<>"&List!$L$3,'Project Follow up - Base'!$AC$3:$OC$3,"<>"&List!$L$4,'Project Follow up - Base'!$AC$3:$OC$3,"<>"&List!$L$5,'Project Follow up - Base'!$AC$3:$OC$3,"<>"&List!$L$6,'Project Follow up - Base'!$AC$3:$OC$3,"<>"&List!$L$7,'Project Follow up - Base'!$AC$3:$OC$3,"<>"&List!$L$8,'Project Follow up - Base'!$AC$3:$OC$3,"<>"&List!$L$9,'Project Follow up - Base'!$AC$3:$OC$3,"<>"&List!$L$10,'Project Follow up - Base'!$AC$3:$OC$3,"<>"&List!$L$11,'Project Follow up - Base'!$AC$3:$OC$3,"<>"&List!$L$12,'Project Follow up - Base'!$AC$3:$OC$3,"<>"&List!$L$13)) -> 0 | I28: =IF('Project Follow up - Base'!$N44="",0, COUNTIFS('Project Follow up - Base'!$AC44:$OC44,"<="&10,'Project Follow up - Base'!$AC44:$OC44,">="&-10,'Project Follow up - Base'!$AC$3:$OC$3,">="&DATE(YEAR(I$3),MONTH(I$3),1),'Project Follow up - Base'!$AC$3:$OC$3,"<="&(DATE(YEAR(I$3),MONTH(I$3)+1,1)-1),'Project Follow up - Base'!$AC$4:$OC$4,"<>"&"Fri",'Project Follow up - Base'!$AC$4:$OC$4,"<>"&"Sat",'Project Follow up - Base'!$AC$3:$OC$3,"<>"&List!$L$3,'Project Follow up - Base'!$AC$3:$OC$3,"<>"&List!$L$4,'Project Follow up - Base'!$AC$3:$OC$3,"<>"&List!$L$5,'Project Follow up - Base'!$AC$3:$OC$3,"<>"&List!$L$6,'Project Follow up - Base'!$AC$3:$OC$3,"<>"&List!$L$7,'Project Follow up - Base'!$AC$3:$OC$3,"<>"&List!$L$8,'Project Follow up - Base'!$AC$3:$OC$3,"<>"&List!$L$9,'Project Follow up - Base'!$AC$3:$OC$3,"<>"&List!$L$10,'Project Follow up - Base'!$AC$3:$OC$3,"<>"&List!$L$11,'Project Follow up - Base'!$AC$3:$OC$3,"<>"&List!$L$12,'Project Follow up - Base'!$AC$3:$OC$3,"<>"&List!$L$13)) -> 0 | J28: =IF('Project Follow up - Base'!$N44="",0, COUNTIFS('Project Follow up - Base'!$AC44:$OC44,"<="&10,'Project Follow up - Base'!$AC44:$OC44,">="&-10,'Project Follow up - Base'!$AC$3:$OC$3,">="&DATE(YEAR(J$3),MONTH(J$3),1),'Project Follow up - Base'!$AC$3:$OC$3,"<="&(DATE(YEAR(J$3),MONTH(J$3)+1,1)-1),'Project Follow up - Base'!$AC$4:$OC$4,"<>"&"Fri",'Project Follow up - Base'!$AC$4:$OC$4,"<>"&"Sat",'Project Follow up - Base'!$AC$3:$OC$3,"<>"&List!$L$3,'Project Follow up - Base'!$AC$3:$OC$3,"<>"&List!$L$4,'Project Follow up - Base'!$AC$3:$OC$3,"<>"&List!$L$5,'Project Follow up - Base'!$AC$3:$OC$3,"<>"&List!$L$6,'Project Follow up - Base'!$AC$3:$OC$3,"<>"&List!$L$7,'Project Follow up - Base'!$AC$3:$OC$3,"<>"&List!$L$8,'Project Follow up - Base'!$AC$3:$OC$3,"<>"&List!$L$9,'Project Follow up - Base'!$AC$3:$OC$3,"<>"&List!$L$10,'Project Follow up - Base'!$AC$3:$OC$3,"<>"&List!$L$11,'Project Follow up - Base'!$AC$3:$OC$3,"<>"&List!$L$12,'Project Follow up - Base'!$AC$3:$OC$3,"<>"&List!$L$13)) -> 0 | ... AL28: =IF('Project Follow up - Base'!$N44="",0, COUNTIFS('Project Follow up - Base'!$AC44:$OC44,"<="&10,'Project Follow up - Base'!$AC44:$OC44,">="&-10,'Project Follow up - Base'!$AC$3:$OC$3,">="&DATE(YEAR(AL$3),MONTH(AL$3),1),'Project Follow up - Base'!$AC$3:$OC$3,"<="&(DATE(YEAR(AL$3),MONTH(AL$3)+1,1)-1),'Project Follow up - Base'!$AC$4:$OC$4,"<>"&"Fri",'Project Follow up - Base'!$AC$4:$OC$4,"<>"&"Sat",'Project Follow up - Base'!$AC$3:$OC$3,"<>"&List!$L$3,'Project Follow up - Base'!$AC$3:$OC$3,"<>"&List!$L$4,'Project Follow up - Base'!$AC$3:$OC$3,"<>"&List!$L$5,'Project Follow up - Base'!$AC$3:$OC$3,"<>"&List!$L$6,'Project Follow up - Base'!$AC$3:$OC$3,"<>"&List!$L$7,'Project Follow up - Base'!$AC$3:$OC$3,"<>"&List!$L$8,'Project Follow up - Base'!$AC$3:$OC$3,"<>"&List!$L$9,'Project Follow up - Base'!$AC$3:$OC$3,"<>"&List!$L$10,'Project Follow up - Base'!$AC$3:$OC$3,"<>"&List!$L$11,'Project Follow up - Base'!$AC$3:$OC$3,"<>"&List!$L$12,'Project Follow up - Base'!$AC$3:$OC$3,"<>"&List!$L$13)) -> 0
A29: ='Project Follow up - Base'!$B$38 -> Design | B29: ='Project Follow up - Base'!F45 | C29: =IF('Project Follow up - Base'!$N45="",0, COUNTIFS('Project Follow up - Base'!$AC45:$OC45,"<="&10,'Project Follow up - Base'!$AC45:$OC45,">="&-10,'Project Follow up - Base'!$AC$3:$OC$3,">="&DATE(YEAR(C$3),MONTH(C$3),1),'Project Follow up - Base'!$AC$3:$OC$3,"<="&(DATE(YEAR(C$3),MONTH(C$3)+1,1)-1),'Project Follow up - Base'!$AC$4:$OC$4,"<>"&"Fri",'Project Follow up - Base'!$AC$4:$OC$4,"<>"&"Sat",'Project Follow up - Base'!$AC$3:$OC$3,"<>"&List!$L$3,'Project Follow up - Base'!$AC$3:$OC$3,"<>"&List!$L$4,'Project Follow up - Base'!$AC$3:$OC$3,"<>"&List!$L$5,'Project Follow up - Base'!$AC$3:$OC$3,"<>"&List!$L$6,'Project Follow up - Base'!$AC$3:$OC$3,"<>"&List!$L$7,'Project Follow up - Base'!$AC$3:$OC$3,"<>"&List!$L$8,'Project Follow up - Base'!$AC$3:$OC$3,"<>"&List!$L$9,'Project Follow up - Base'!$AC$3:$OC$3,"<>"&List!$L$10,'Project Follow up - Base'!$AC$3:$OC$3,"<>"&List!$L$11,'Project Follow up - Base'!$AC$3:$OC$3,"<>"&List!$L$12,'Project Follow up - Base'!$AC$3:$OC$3,"<>"&List!$L$13)) -> 0 | D29: =IF('Project Follow up - Base'!$N45="",0, COUNTIFS('Project Follow up - Base'!$AC45:$OC45,"<="&10,'Project Follow up - Base'!$AC45:$OC45,">="&-10,'Project Follow up - Base'!$AC$3:$OC$3,">="&DATE(YEAR(D$3),MONTH(D$3),1),'Project Follow up - Base'!$AC$3:$OC$3,"<="&(DATE(YEAR(D$3),MONTH(D$3)+1,1)-1),'Project Follow up - Base'!$AC$4:$OC$4,"<>"&"Fri",'Project Follow up - Base'!$AC$4:$OC$4,"<>"&"Sat",'Project Follow up - Base'!$AC$3:$OC$3,"<>"&List!$L$3,'Project Follow up - Base'!$AC$3:$OC$3,"<>"&List!$L$4,'Project Follow up - Base'!$AC$3:$OC$3,"<>"&List!$L$5,'Project Follow up - Base'!$AC$3:$OC$3,"<>"&List!$L$6,'Project Follow up - Base'!$AC$3:$OC$3,"<>"&List!$L$7,'Project Follow up - Base'!$AC$3:$OC$3,"<>"&List!$L$8,'Project Follow up - Base'!$AC$3:$OC$3,"<>"&List!$L$9,'Project Follow up - Base'!$AC$3:$OC$3,"<>"&List!$L$10,'Project Follow up - Base'!$AC$3:$OC$3,"<>"&List!$L$11,'Project Follow up - Base'!$AC$3:$OC$3,"<>"&List!$L$12,'Project Follow up - Base'!$AC$3:$OC$3,"<>"&List!$L$13)) -> 0 | E29: =IF('Project Follow up - Base'!$N45="",0, COUNTIFS('Project Follow up - Base'!$AC45:$OC45,"<="&10,'Project Follow up - Base'!$AC45:$OC45,">="&-10,'Project Follow up - Base'!$AC$3:$OC$3,">="&DATE(YEAR(E$3),MONTH(E$3),1),'Project Follow up - Base'!$AC$3:$OC$3,"<="&(DATE(YEAR(E$3),MONTH(E$3)+1,1)-1),'Project Follow up - Base'!$AC$4:$OC$4,"<>"&"Fri",'Project Follow up - Base'!$AC$4:$OC$4,"<>"&"Sat",'Project Follow up - Base'!$AC$3:$OC$3,"<>"&List!$L$3,'Project Follow up - Base'!$AC$3:$OC$3,"<>"&List!$L$4,'Project Follow up - Base'!$AC$3:$OC$3,"<>"&List!$L$5,'Project Follow up - Base'!$AC$3:$OC$3,"<>"&List!$L$6,'Project Follow up - Base'!$AC$3:$OC$3,"<>"&List!$L$7,'Project Follow up - Base'!$AC$3:$OC$3,"<>"&List!$L$8,'Project Follow up - Base'!$AC$3:$OC$3,"<>"&List!$L$9,'Project Follow up - Base'!$AC$3:$OC$3,"<>"&List!$L$10,'Project Follow up - Base'!$AC$3:$OC$3,"<>"&List!$L$11,'Project Follow up - Base'!$AC$3:$OC$3,"<>"&List!$L$12,'Project Follow up - Base'!$AC$3:$OC$3,"<>"&List!$L$13)) -> 0 | F29: =IF('Project Follow up - Base'!$N45="",0, COUNTIFS('Project Follow up - Base'!$AC45:$OC45,"<="&10,'Project Follow up - Base'!$AC45:$OC45,">="&-10,'Project Follow up - Base'!$AC$3:$OC$3,">="&DATE(YEAR(F$3),MONTH(F$3),1),'Project Follow up - Base'!$AC$3:$OC$3,"<="&(DATE(YEAR(F$3),MONTH(F$3)+1,1)-1),'Project Follow up - Base'!$AC$4:$OC$4,"<>"&"Fri",'Project Follow up - Base'!$AC$4:$OC$4,"<>"&"Sat",'Project Follow up - Base'!$AC$3:$OC$3,"<>"&List!$L$3,'Project Follow up - Base'!$AC$3:$OC$3,"<>"&List!$L$4,'Project Follow up - Base'!$AC$3:$OC$3,"<>"&List!$L$5,'Project Follow up - Base'!$AC$3:$OC$3,"<>"&List!$L$6,'Project Follow up - Base'!$AC$3:$OC$3,"<>"&List!$L$7,'Project Follow up - Base'!$AC$3:$OC$3,"<>"&List!$L$8,'Project Follow up - Base'!$AC$3:$OC$3,"<>"&List!$L$9,'Project Follow up - Base'!$AC$3:$OC$3,"<>"&List!$L$10,'Project Follow up - Base'!$AC$3:$OC$3,"<>"&List!$L$11,'Project Follow up - Base'!$AC$3:$OC$3,"<>"&List!$L$12,'Project Follow up - Base'!$AC$3:$OC$3,"<>"&List!$L$13)) -> 0 | G29: =IF('Project Follow up - Base'!$N45="",0, COUNTIFS('Project Follow up - Base'!$AC45:$OC45,"<="&10,'Project Follow up - Base'!$AC45:$OC45,">="&-10,'Project Follow up - Base'!$AC$3:$OC$3,">="&DATE(YEAR(G$3),MONTH(G$3),1),'Project Follow up - Base'!$AC$3:$OC$3,"<="&(DATE(YEAR(G$3),MONTH(G$3)+1,1)-1),'Project Follow up - Base'!$AC$4:$OC$4,"<>"&"Fri",'Project Follow up - Base'!$AC$4:$OC$4,"<>"&"Sat",'Project Follow up - Base'!$AC$3:$OC$3,"<>"&List!$L$3,'Project Follow up - Base'!$AC$3:$OC$3,"<>"&List!$L$4,'Project Follow up - Base'!$AC$3:$OC$3,"<>"&List!$L$5,'Project Follow up - Base'!$AC$3:$OC$3,"<>"&List!$L$6,'Project Follow up - Base'!$AC$3:$OC$3,"<>"&List!$L$7,'Project Follow up - Base'!$AC$3:$OC$3,"<>"&List!$L$8,'Project Follow up - Base'!$AC$3:$OC$3,"<>"&List!$L$9,'Project Follow up - Base'!$AC$3:$OC$3,"<>"&List!$L$10,'Project Follow up - Base'!$AC$3:$OC$3,"<>"&List!$L$11,'Project Follow up - Base'!$AC$3:$OC$3,"<>"&List!$L$12,'Project Follow up - Base'!$AC$3:$OC$3,"<>"&List!$L$13)) -> 1 | H29: =IF('Project Follow up - Base'!$N45="",0, COUNTIFS('Project Follow up - Base'!$AC45:$OC45,"<="&10,'Project Follow up - Base'!$AC45:$OC45,">="&-10,'Project Follow up - Base'!$AC$3:$OC$3,">="&DATE(YEAR(H$3),MONTH(H$3),1),'Project Follow up - Base'!$AC$3:$OC$3,"<="&(DATE(YEAR(H$3),MONTH(H$3)+1,1)-1),'Project Follow up - Base'!$AC$4:$OC$4,"<>"&"Fri",'Project Follow up - Base'!$AC$4:$OC$4,"<>"&"Sat",'Project Follow up - Base'!$AC$3:$OC$3,"<>"&List!$L$3,'Project Follow up - Base'!$AC$3:$OC$3,"<>"&List!$L$4,'Project Follow up - Base'!$AC$3:$OC$3,"<>"&List!$L$5,'Project Follow up - Base'!$AC$3:$OC$3,"<>"&List!$L$6,'Project Follow up - Base'!$AC$3:$OC$3,"<>"&List!$L$7,'Project Follow up - Base'!$AC$3:$OC$3,"<>"&List!$L$8,'Project Follow up - Base'!$AC$3:$OC$3,"<>"&List!$L$9,'Project Follow up - Base'!$AC$3:$OC$3,"<>"&List!$L$10,'Project Follow up - Base'!$AC$3:$OC$3,"<>"&List!$L$11,'Project Follow up - Base'!$AC$3:$OC$3,"<>"&List!$L$12,'Project Follow up - Base'!$AC$3:$OC$3,"<>"&List!$L$13)) -> 0 | I29: =IF('Project Follow up - Base'!$N45="",0, COUNTIFS('Project Follow up - Base'!$AC45:$OC45,"<="&10,'Project Follow up - Base'!$AC45:$OC45,">="&-10,'Project Follow up - Base'!$AC$3:$OC$3,">="&DATE(YEAR(I$3),MONTH(I$3),1),'Project Follow up - Base'!$AC$3:$OC$3,"<="&(DATE(YEAR(I$3),MONTH(I$3)+1,1)-1),'Project Follow up - Base'!$AC$4:$OC$4,"<>"&"Fri",'Project Follow up - Base'!$AC$4:$OC$4,"<>"&"Sat",'Project Follow up - Base'!$AC$3:$OC$3,"<>"&List!$L$3,'Project Follow up - Base'!$AC$3:$OC$3,"<>"&List!$L$4,'Project Follow up - Base'!$AC$3:$OC$3,"<>"&List!$L$5,'Project Follow up - Base'!$AC$3:$OC$3,"<>"&List!$L$6,'Project Follow up - Base'!$AC$3:$OC$3,"<>"&List!$L$7,'Project Follow up - Base'!$AC$3:$OC$3,"<>"&List!$L$8,'Project Follow up - Base'!$AC$3:$OC$3,"<>"&List!$L$9,'Project Follow up - Base'!$AC$3:$OC$3,"<>"&List!$L$10,'Project Follow up - Base'!$AC$3:$OC$3,"<>"&List!$L$11,'Project Follow up - Base'!$AC$3:$OC$3,"<>"&List!$L$12,'Project Follow up - Base'!$AC$3:$OC$3,"<>"&List!$L$13)) -> 0 | J29: =IF('Project Follow up - Base'!$N45="",0, COUNTIFS('Project Follow up - Base'!$AC45:$OC45,"<="&10,'Project Follow up - Base'!$AC45:$OC45,">="&-10,'Project Follow up - Base'!$AC$3:$OC$3,">="&DATE(YEAR(J$3),MONTH(J$3),1),'Project Follow up - Base'!$AC$3:$OC$3,"<="&(DATE(YEAR(J$3),MONTH(J$3)+1,1)-1),'Project Follow up - Base'!$AC$4:$OC$4,"<>"&"Fri",'Project Follow up - Base'!$AC$4:$OC$4,"<>"&"Sat",'Project Follow up - Base'!$AC$3:$OC$3,"<>"&List!$L$3,'Project Follow up - Base'!$AC$3:$OC$3,"<>"&List!$L$4,'Project Follow up - Base'!$AC$3:$OC$3,"<>"&List!$L$5,'Project Follow up - Base'!$AC$3:$OC$3,"<>"&List!$L$6,'Project Follow up - Base'!$AC$3:$OC$3,"<>"&List!$L$7,'Project Follow up - Base'!$AC$3:$OC$3,"<>"&List!$L$8,'Project Follow up - Base'!$AC$3:$OC$3,"<>"&List!$L$9,'Project Follow up - Base'!$AC$3:$OC$3,"<>"&List!$L$10,'Project Follow up - Base'!$AC$3:$OC$3,"<>"&List!$L$11,'Project Follow up - Base'!$AC$3:$OC$3,"<>"&List!$L$12,'Project Follow up - Base'!$AC$3:$OC$3,"<>"&List!$L$13)) -> 0 | ... AL29: =IF('Project Follow up - Base'!$N45="",0, COUNTIFS('Project Follow up - Base'!$AC45:$OC45,"<="&10,'Project Follow up - Base'!$AC45:$OC45,">="&-10,'Project Follow up - Base'!$AC$3:$OC$3,">="&DATE(YEAR(AL$3),MONTH(AL$3),1),'Project Follow up - Base'!$AC$3:$OC$3,"<="&(DATE(YEAR(AL$3),MONTH(AL$3)+1,1)-1),'Project Follow up - Base'!$AC$4:$OC$4,"<>"&"Fri",'Project Follow up - Base'!$AC$4:$OC$4,"<>"&"Sat",'Project Follow up - Base'!$AC$3:$OC$3,"<>"&List!$L$3,'Project Follow up - Base'!$AC$3:$OC$3,"<>"&List!$L$4,'Project Follow up - Base'!$AC$3:$OC$3,"<>"&List!$L$5,'Project Follow up - Base'!$AC$3:$OC$3,"<>"&List!$L$6,'Project Follow up - Base'!$AC$3:$OC$3,"<>"&List!$L$7,'Project Follow up - Base'!$AC$3:$OC$3,"<>"&List!$L$8,'Project Follow up - Base'!$AC$3:$OC$3,"<>"&List!$L$9,'Project Follow up - Base'!$AC$3:$OC$3,"<>"&List!$L$10,'Project Follow up - Base'!$AC$3:$OC$3,"<>"&List!$L$11,'Project Follow up - Base'!$AC$3:$OC$3,"<>"&List!$L$12,'Project Follow up - Base'!$AC$3:$OC$3,"<>"&List!$L$13)) -> 0
A30: ='Project Follow up - Base'!$B$38 -> Design | B30: ='Project Follow up - Base'!F46 -> Riyadh Almaghrabi | C30: =IF('Project Follow up - Base'!$N46="",0, COUNTIFS('Project Follow up - Base'!$AC46:$OC46,"<="&10,'Project Follow up - Base'!$AC46:$OC46,">="&-10,'Project Follow up - Base'!$AC$3:$OC$3,">="&DATE(YEAR(C$3),MONTH(C$3),1),'Project Follow up - Base'!$AC$3:$OC$3,"<="&(DATE(YEAR(C$3),MONTH(C$3)+1,1)-1),'Project Follow up - Base'!$AC$4:$OC$4,"<>"&"Fri",'Project Follow up - Base'!$AC$4:$OC$4,"<>"&"Sat",'Project Follow up - Base'!$AC$3:$OC$3,"<>"&List!$L$3,'Project Follow up - Base'!$AC$3:$OC$3,"<>"&List!$L$4,'Project Follow up - Base'!$AC$3:$OC$3,"<>"&List!$L$5,'Project Follow up - Base'!$AC$3:$OC$3,"<>"&List!$L$6,'Project Follow up - Base'!$AC$3:$OC$3,"<>"&List!$L$7,'Project Follow up - Base'!$AC$3:$OC$3,"<>"&List!$L$8,'Project Follow up - Base'!$AC$3:$OC$3,"<>"&List!$L$9,'Project Follow up - Base'!$AC$3:$OC$3,"<>"&List!$L$10,'Project Follow up - Base'!$AC$3:$OC$3,"<>"&List!$L$11,'Project Follow up - Base'!$AC$3:$OC$3,"<>"&List!$L$12,'Project Follow up - Base'!$AC$3:$OC$3,"<>"&List!$L$13)) -> 0 | D30: =IF('Project Follow up - Base'!$N46="",0, COUNTIFS('Project Follow up - Base'!$AC46:$OC46,"<="&10,'Project Follow up - Base'!$AC46:$OC46,">="&-10,'Project Follow up - Base'!$AC$3:$OC$3,">="&DATE(YEAR(D$3),MONTH(D$3),1),'Project Follow up - Base'!$AC$3:$OC$3,"<="&(DATE(YEAR(D$3),MONTH(D$3)+1,1)-1),'Project Follow up - Base'!$AC$4:$OC$4,"<>"&"Fri",'Project Follow up - Base'!$AC$4:$OC$4,"<>"&"Sat",'Project Follow up - Base'!$AC$3:$OC$3,"<>"&List!$L$3,'Project Follow up - Base'!$AC$3:$OC$3,"<>"&List!$L$4,'Project Follow up - Base'!$AC$3:$OC$3,"<>"&List!$L$5,'Project Follow up - Base'!$AC$3:$OC$3,"<>"&List!$L$6,'Project Follow up - Base'!$AC$3:$OC$3,"<>"&List!$L$7,'Project Follow up - Base'!$AC$3:$OC$3,"<>"&List!$L$8,'Project Follow up - Base'!$AC$3:$OC$3,"<>"&List!$L$9,'Project Follow up - Base'!$AC$3:$OC$3,"<>"&List!$L$10,'Project Follow up - Base'!$AC$3:$OC$3,"<>"&List!$L$11,'Project Follow up - Base'!$AC$3:$OC$3,"<>"&List!$L$12,'Project Follow up - Base'!$AC$3:$OC$3,"<>"&List!$L$13)) -> 0 | E30: =IF('Project Follow up - Base'!$N46="",0, COUNTIFS('Project Follow up - Base'!$AC46:$OC46,"<="&10,'Project Follow up - Base'!$AC46:$OC46,">="&-10,'Project Follow up - Base'!$AC$3:$OC$3,">="&DATE(YEAR(E$3),MONTH(E$3),1),'Project Follow up - Base'!$AC$3:$OC$3,"<="&(DATE(YEAR(E$3),MONTH(E$3)+1,1)-1),'Project Follow up - Base'!$AC$4:$OC$4,"<>"&"Fri",'Project Follow up - Base'!$AC$4:$OC$4,"<>"&"Sat",'Project Follow up - Base'!$AC$3:$OC$3,"<>"&List!$L$3,'Project Follow up - Base'!$AC$3:$OC$3,"<>"&List!$L$4,'Project Follow up - Base'!$AC$3:$OC$3,"<>"&List!$L$5,'Project Follow up - Base'!$AC$3:$OC$3,"<>"&List!$L$6,'Project Follow up - Base'!$AC$3:$OC$3,"<>"&List!$L$7,'Project Follow up - Base'!$AC$3:$OC$3,"<>"&List!$L$8,'Project Follow up - Base'!$AC$3:$OC$3,"<>"&List!$L$9,'Project Follow up - Base'!$AC$3:$OC$3,"<>"&List!$L$10,'Project Follow up - Base'!$AC$3:$OC$3,"<>"&List!$L$11,'Project Follow up - Base'!$AC$3:$OC$3,"<>"&List!$L$12,'Project Follow up - Base'!$AC$3:$OC$3,"<>"&List!$L$13)) -> 0 | F30: =IF('Project Follow up - Base'!$N46="",0, COUNTIFS('Project Follow up - Base'!$AC46:$OC46,"<="&10,'Project Follow up - Base'!$AC46:$OC46,">="&-10,'Project Follow up - Base'!$AC$3:$OC$3,">="&DATE(YEAR(F$3),MONTH(F$3),1),'Project Follow up - Base'!$AC$3:$OC$3,"<="&(DATE(YEAR(F$3),MONTH(F$3)+1,1)-1),'Project Follow up - Base'!$AC$4:$OC$4,"<>"&"Fri",'Project Follow up - Base'!$AC$4:$OC$4,"<>"&"Sat",'Project Follow up - Base'!$AC$3:$OC$3,"<>"&List!$L$3,'Project Follow up - Base'!$AC$3:$OC$3,"<>"&List!$L$4,'Project Follow up - Base'!$AC$3:$OC$3,"<>"&List!$L$5,'Project Follow up - Base'!$AC$3:$OC$3,"<>"&List!$L$6,'Project Follow up - Base'!$AC$3:$OC$3,"<>"&List!$L$7,'Project Follow up - Base'!$AC$3:$OC$3,"<>"&List!$L$8,'Project Follow up - Base'!$AC$3:$OC$3,"<>"&List!$L$9,'Project Follow up - Base'!$AC$3:$OC$3,"<>"&List!$L$10,'Project Follow up - Base'!$AC$3:$OC$3,"<>"&List!$L$11,'Project Follow up - Base'!$AC$3:$OC$3,"<>"&List!$L$12,'Project Follow up - Base'!$AC$3:$OC$3,"<>"&List!$L$13)) -> 0 | G30: =IF('Project Follow up - Base'!$N46="",0, COUNTIFS('Project Follow up - Base'!$AC46:$OC46,"<="&10,'Project Follow up - Base'!$AC46:$OC46,">="&-10,'Project Follow up - Base'!$AC$3:$OC$3,">="&DATE(YEAR(G$3),MONTH(G$3),1),'Project Follow up - Base'!$AC$3:$OC$3,"<="&(DATE(YEAR(G$3),MONTH(G$3)+1,1)-1),'Project Follow up - Base'!$AC$4:$OC$4,"<>"&"Fri",'Project Follow up - Base'!$AC$4:$OC$4,"<>"&"Sat",'Project Follow up - Base'!$AC$3:$OC$3,"<>"&List!$L$3,'Project Follow up - Base'!$AC$3:$OC$3,"<>"&List!$L$4,'Project Follow up - Base'!$AC$3:$OC$3,"<>"&List!$L$5,'Project Follow up - Base'!$AC$3:$OC$3,"<>"&List!$L$6,'Project Follow up - Base'!$AC$3:$OC$3,"<>"&List!$L$7,'Project Follow up - Base'!$AC$3:$OC$3,"<>"&List!$L$8,'Project Follow up - Base'!$AC$3:$OC$3,"<>"&List!$L$9,'Project Follow up - Base'!$AC$3:$OC$3,"<>"&List!$L$10,'Project Follow up - Base'!$AC$3:$OC$3,"<>"&List!$L$11,'Project Follow up - Base'!$AC$3:$OC$3,"<>"&List!$L$12,'Project Follow up - Base'!$AC$3:$OC$3,"<>"&List!$L$13)) -> 7 | H30: =IF('Project Follow up - Base'!$N46="",0, COUNTIFS('Project Follow up - Base'!$AC46:$OC46,"<="&10,'Project Follow up - Base'!$AC46:$OC46,">="&-10,'Project Follow up - Base'!$AC$3:$OC$3,">="&DATE(YEAR(H$3),MONTH(H$3),1),'Project Follow up - Base'!$AC$3:$OC$3,"<="&(DATE(YEAR(H$3),MONTH(H$3)+1,1)-1),'Project Follow up - Base'!$AC$4:$OC$4,"<>"&"Fri",'Project Follow up - Base'!$AC$4:$OC$4,"<>"&"Sat",'Project Follow up - Base'!$AC$3:$OC$3,"<>"&List!$L$3,'Project Follow up - Base'!$AC$3:$OC$3,"<>"&List!$L$4,'Project Follow up - Base'!$AC$3:$OC$3,"<>"&List!$L$5,'Project Follow up - Base'!$AC$3:$OC$3,"<>"&List!$L$6,'Project Follow up - Base'!$AC$3:$OC$3,"<>"&List!$L$7,'Project Follow up - Base'!$AC$3:$OC$3,"<>"&List!$L$8,'Project Follow up - Base'!$AC$3:$OC$3,"<>"&List!$L$9,'Project Follow up - Base'!$AC$3:$OC$3,"<>"&List!$L$10,'Project Follow up - Base'!$AC$3:$OC$3,"<>"&List!$L$11,'Project Follow up - Base'!$AC$3:$OC$3,"<>"&List!$L$12,'Project Follow up - Base'!$AC$3:$OC$3,"<>"&List!$L$13)) -> 0 | I30: =IF('Project Follow up - Base'!$N46="",0, COUNTIFS('Project Follow up - Base'!$AC46:$OC46,"<="&10,'Project Follow up - Base'!$AC46:$OC46,">="&-10,'Project Follow up - Base'!$AC$3:$OC$3,">="&DATE(YEAR(I$3),MONTH(I$3),1),'Project Follow up - Base'!$AC$3:$OC$3,"<="&(DATE(YEAR(I$3),MONTH(I$3)+1,1)-1),'Project Follow up - Base'!$AC$4:$OC$4,"<>"&"Fri",'Project Follow up - Base'!$AC$4:$OC$4,"<>"&"Sat",'Project Follow up - Base'!$AC$3:$OC$3,"<>"&List!$L$3,'Project Follow up - Base'!$AC$3:$OC$3,"<>"&List!$L$4,'Project Follow up - Base'!$AC$3:$OC$3,"<>"&List!$L$5,'Project Follow up - Base'!$AC$3:$OC$3,"<>"&List!$L$6,'Project Follow up - Base'!$AC$3:$OC$3,"<>"&List!$L$7,'Project Follow up - Base'!$AC$3:$OC$3,"<>"&List!$L$8,'Project Follow up - Base'!$AC$3:$OC$3,"<>"&List!$L$9,'Project Follow up - Base'!$AC$3:$OC$3,"<>"&List!$L$10,'Project Follow up - Base'!$AC$3:$OC$3,"<>"&List!$L$11,'Project Follow up - Base'!$AC$3:$OC$3,"<>"&List!$L$12,'Project Follow up - Base'!$AC$3:$OC$3,"<>"&List!$L$13)) -> 5 | J30: =IF('Project Follow up - Base'!$N46="",0, COUNTIFS('Project Follow up - Base'!$AC46:$OC46,"<="&10,'Project Follow up - Base'!$AC46:$OC46,">="&-10,'Project Follow up - Base'!$AC$3:$OC$3,">="&DATE(YEAR(J$3),MONTH(J$3),1),'Project Follow up - Base'!$AC$3:$OC$3,"<="&(DATE(YEAR(J$3),MONTH(J$3)+1,1)-1),'Project Follow up - Base'!$AC$4:$OC$4,"<>"&"Fri",'Project Follow up - Base'!$AC$4:$OC$4,"<>"&"Sat",'Project Follow up - Base'!$AC$3:$OC$3,"<>"&List!$L$3,'Project Follow up - Base'!$AC$3:$OC$3,"<>"&List!$L$4,'Project Follow up - Base'!$AC$3:$OC$3,"<>"&List!$L$5,'Project Follow up - Base'!$AC$3:$OC$3,"<>"&List!$L$6,'Project Follow up - Base'!$AC$3:$OC$3,"<>"&List!$L$7,'Project Follow up - Base'!$AC$3:$OC$3,"<>"&List!$L$8,'Project Follow up - Base'!$AC$3:$OC$3,"<>"&List!$L$9,'Project Follow up - Base'!$AC$3:$OC$3,"<>"&List!$L$10,'Project Follow up - Base'!$AC$3:$OC$3,"<>"&List!$L$11,'Project Follow up - Base'!$AC$3:$OC$3,"<>"&List!$L$12,'Project Follow up - Base'!$AC$3:$OC$3,"<>"&List!$L$13)) -> 0 | ... AL30: =IF('Project Follow up - Base'!$N46="",0, COUNTIFS('Project Follow up - Base'!$AC46:$OC46,"<="&10,'Project Follow up - Base'!$AC46:$OC46,">="&-10,'Project Follow up - Base'!$AC$3:$OC$3,">="&DATE(YEAR(AL$3),MONTH(AL$3),1),'Project Follow up - Base'!$AC$3:$OC$3,"<="&(DATE(YEAR(AL$3),MONTH(AL$3)+1,1)-1),'Project Follow up - Base'!$AC$4:$OC$4,"<>"&"Fri",'Project Follow up - Base'!$AC$4:$OC$4,"<>"&"Sat",'Project Follow up - Base'!$AC$3:$OC$3,"<>"&List!$L$3,'Project Follow up - Base'!$AC$3:$OC$3,"<>"&List!$L$4,'Project Follow up - Base'!$AC$3:$OC$3,"<>"&List!$L$5,'Project Follow up - Base'!$AC$3:$OC$3,"<>"&List!$L$6,'Project Follow up - Base'!$AC$3:$OC$3,"<>"&List!$L$7,'Project Follow up - Base'!$AC$3:$OC$3,"<>"&List!$L$8,'Project Follow up - Base'!$AC$3:$OC$3,"<>"&List!$L$9,'Project Follow up - Base'!$AC$3:$OC$3,"<>"&List!$L$10,'Project Follow up - Base'!$AC$3:$OC$3,"<>"&List!$L$11,'Project Follow up - Base'!$AC$3:$OC$3,"<>"&List!$L$12,'Project Follow up - Base'!$AC$3:$OC$3,"<>"&List!$L$13)) -> 0
A31: ='Project Follow up - Base'!$B$38 -> Design | B31: ='Project Follow up - Base'!F47 | C31: =IF('Project Follow up - Base'!$N47="",0, COUNTIFS('Project Follow up - Base'!$AC47:$OC47,"<="&10,'Project Follow up - Base'!$AC47:$OC47,">="&-10,'Project Follow up - Base'!$AC$3:$OC$3,">="&DATE(YEAR(C$3),MONTH(C$3),1),'Project Follow up - Base'!$AC$3:$OC$3,"<="&(DATE(YEAR(C$3),MONTH(C$3)+1,1)-1),'Project Follow up - Base'!$AC$4:$OC$4,"<>"&"Fri",'Project Follow up - Base'!$AC$4:$OC$4,"<>"&"Sat",'Project Follow up - Base'!$AC$3:$OC$3,"<>"&List!$L$3,'Project Follow up - Base'!$AC$3:$OC$3,"<>"&List!$L$4,'Project Follow up - Base'!$AC$3:$OC$3,"<>"&List!$L$5,'Project Follow up - Base'!$AC$3:$OC$3,"<>"&List!$L$6,'Project Follow up - Base'!$AC$3:$OC$3,"<>"&List!$L$7,'Project Follow up - Base'!$AC$3:$OC$3,"<>"&List!$L$8,'Project Follow up - Base'!$AC$3:$OC$3,"<>"&List!$L$9,'Project Follow up - Base'!$AC$3:$OC$3,"<>"&List!$L$10,'Project Follow up - Base'!$AC$3:$OC$3,"<>"&List!$L$11,'Project Follow up - Base'!$AC$3:$OC$3,"<>"&List!$L$12,'Project Follow up - Base'!$AC$3:$OC$3,"<>"&List!$L$13)) -> 0 | D31: =IF('Project Follow up - Base'!$N47="",0, COUNTIFS('Project Follow up - Base'!$AC47:$OC47,"<="&10,'Project Follow up - Base'!$AC47:$OC47,">="&-10,'Project Follow up - Base'!$AC$3:$OC$3,">="&DATE(YEAR(D$3),MONTH(D$3),1),'Project Follow up - Base'!$AC$3:$OC$3,"<="&(DATE(YEAR(D$3),MONTH(D$3)+1,1)-1),'Project Follow up - Base'!$AC$4:$OC$4,"<>"&"Fri",'Project Follow up - Base'!$AC$4:$OC$4,"<>"&"Sat",'Project Follow up - Base'!$AC$3:$OC$3,"<>"&List!$L$3,'Project Follow up - Base'!$AC$3:$OC$3,"<>"&List!$L$4,'Project Follow up - Base'!$AC$3:$OC$3,"<>"&List!$L$5,'Project Follow up - Base'!$AC$3:$OC$3,"<>"&List!$L$6,'Project Follow up - Base'!$AC$3:$OC$3,"<>"&List!$L$7,'Project Follow up - Base'!$AC$3:$OC$3,"<>"&List!$L$8,'Project Follow up - Base'!$AC$3:$OC$3,"<>"&List!$L$9,'Project Follow up - Base'!$AC$3:$OC$3,"<>"&List!$L$10,'Project Follow up - Base'!$AC$3:$OC$3,"<>"&List!$L$11,'Project Follow up - Base'!$AC$3:$OC$3,"<>"&List!$L$12,'Project Follow up - Base'!$AC$3:$OC$3,"<>"&List!$L$13)) -> 0 | E31: =IF('Project Follow up - Base'!$N47="",0, COUNTIFS('Project Follow up - Base'!$AC47:$OC47,"<="&10,'Project Follow up - Base'!$AC47:$OC47,">="&-10,'Project Follow up - Base'!$AC$3:$OC$3,">="&DATE(YEAR(E$3),MONTH(E$3),1),'Project Follow up - Base'!$AC$3:$OC$3,"<="&(DATE(YEAR(E$3),MONTH(E$3)+1,1)-1),'Project Follow up - Base'!$AC$4:$OC$4,"<>"&"Fri",'Project Follow up - Base'!$AC$4:$OC$4,"<>"&"Sat",'Project Follow up - Base'!$AC$3:$OC$3,"<>"&List!$L$3,'Project Follow up - Base'!$AC$3:$OC$3,"<>"&List!$L$4,'Project Follow up - Base'!$AC$3:$OC$3,"<>"&List!$L$5,'Project Follow up - Base'!$AC$3:$OC$3,"<>"&List!$L$6,'Project Follow up - Base'!$AC$3:$OC$3,"<>"&List!$L$7,'Project Follow up - Base'!$AC$3:$OC$3,"<>"&List!$L$8,'Project Follow up - Base'!$AC$3:$OC$3,"<>"&List!$L$9,'Project Follow up - Base'!$AC$3:$OC$3,"<>"&List!$L$10,'Project Follow up - Base'!$AC$3:$OC$3,"<>"&List!$L$11,'Project Follow up - Base'!$AC$3:$OC$3,"<>"&List!$L$12,'Project Follow up - Base'!$AC$3:$OC$3,"<>"&List!$L$13)) -> 0 | F31: =IF('Project Follow up - Base'!$N47="",0, COUNTIFS('Project Follow up - Base'!$AC47:$OC47,"<="&10,'Project Follow up - Base'!$AC47:$OC47,">="&-10,'Project Follow up - Base'!$AC$3:$OC$3,">="&DATE(YEAR(F$3),MONTH(F$3),1),'Project Follow up - Base'!$AC$3:$OC$3,"<="&(DATE(YEAR(F$3),MONTH(F$3)+1,1)-1),'Project Follow up - Base'!$AC$4:$OC$4,"<>"&"Fri",'Project Follow up - Base'!$AC$4:$OC$4,"<>"&"Sat",'Project Follow up - Base'!$AC$3:$OC$3,"<>"&List!$L$3,'Project Follow up - Base'!$AC$3:$OC$3,"<>"&List!$L$4,'Project Follow up - Base'!$AC$3:$OC$3,"<>"&List!$L$5,'Project Follow up - Base'!$AC$3:$OC$3,"<>"&List!$L$6,'Project Follow up - Base'!$AC$3:$OC$3,"<>"&List!$L$7,'Project Follow up - Base'!$AC$3:$OC$3,"<>"&List!$L$8,'Project Follow up - Base'!$AC$3:$OC$3,"<>"&List!$L$9,'Project Follow up - Base'!$AC$3:$OC$3,"<>"&List!$L$10,'Project Follow up - Base'!$AC$3:$OC$3,"<>"&List!$L$11,'Project Follow up - Base'!$AC$3:$OC$3,"<>"&List!$L$12,'Project Follow up - Base'!$AC$3:$OC$3,"<>"&List!$L$13)) -> 0 | G31: =IF('Project Follow up - Base'!$N47="",0, COUNTIFS('Project Follow up - Base'!$AC47:$OC47,"<="&10,'Project Follow up - Base'!$AC47:$OC47,">="&-10,'Project Follow up - Base'!$AC$3:$OC$3,">="&DATE(YEAR(G$3),MONTH(G$3),1),'Project Follow up - Base'!$AC$3:$OC$3,"<="&(DATE(YEAR(G$3),MONTH(G$3)+1,1)-1),'Project Follow up - Base'!$AC$4:$OC$4,"<>"&"Fri",'Project Follow up - Base'!$AC$4:$OC$4,"<>"&"Sat",'Project Follow up - Base'!$AC$3:$OC$3,"<>"&List!$L$3,'Project Follow up - Base'!$AC$3:$OC$3,"<>"&List!$L$4,'Project Follow up - Base'!$AC$3:$OC$3,"<>"&List!$L$5,'Project Follow up - Base'!$AC$3:$OC$3,"<>"&List!$L$6,'Project Follow up - Base'!$AC$3:$OC$3,"<>"&List!$L$7,'Project Follow up - Base'!$AC$3:$OC$3,"<>"&List!$L$8,'Project Follow up - Base'!$AC$3:$OC$3,"<>"&List!$L$9,'Project Follow up - Base'!$AC$3:$OC$3,"<>"&List!$L$10,'Project Follow up - Base'!$AC$3:$OC$3,"<>"&List!$L$11,'Project Follow up - Base'!$AC$3:$OC$3,"<>"&List!$L$12,'Project Follow up - Base'!$AC$3:$OC$3,"<>"&List!$L$13)) -> 0 | H31: =IF('Project Follow up - Base'!$N47="",0, COUNTIFS('Project Follow up - Base'!$AC47:$OC47,"<="&10,'Project Follow up - Base'!$AC47:$OC47,">="&-10,'Project Follow up - Base'!$AC$3:$OC$3,">="&DATE(YEAR(H$3),MONTH(H$3),1),'Project Follow up - Base'!$AC$3:$OC$3,"<="&(DATE(YEAR(H$3),MONTH(H$3)+1,1)-1),'Project Follow up - Base'!$AC$4:$OC$4,"<>"&"Fri",'Project Follow up - Base'!$AC$4:$OC$4,"<>"&"Sat",'Project Follow up - Base'!$AC$3:$OC$3,"<>"&List!$L$3,'Project Follow up - Base'!$AC$3:$OC$3,"<>"&List!$L$4,'Project Follow up - Base'!$AC$3:$OC$3,"<>"&List!$L$5,'Project Follow up - Base'!$AC$3:$OC$3,"<>"&List!$L$6,'Project Follow up - Base'!$AC$3:$OC$3,"<>"&List!$L$7,'Project Follow up - Base'!$AC$3:$OC$3,"<>"&List!$L$8,'Project Follow up - Base'!$AC$3:$OC$3,"<>"&List!$L$9,'Project Follow up - Base'!$AC$3:$OC$3,"<>"&List!$L$10,'Project Follow up - Base'!$AC$3:$OC$3,"<>"&List!$L$11,'Project Follow up - Base'!$AC$3:$OC$3,"<>"&List!$L$12,'Project Follow up - Base'!$AC$3:$OC$3,"<>"&List!$L$13)) -> 0 | I31: =IF('Project Follow up - Base'!$N47="",0, COUNTIFS('Project Follow up - Base'!$AC47:$OC47,"<="&10,'Project Follow up - Base'!$AC47:$OC47,">="&-10,'Project Follow up - Base'!$AC$3:$OC$3,">="&DATE(YEAR(I$3),MONTH(I$3),1),'Project Follow up - Base'!$AC$3:$OC$3,"<="&(DATE(YEAR(I$3),MONTH(I$3)+1,1)-1),'Project Follow up - Base'!$AC$4:$OC$4,"<>"&"Fri",'Project Follow up - Base'!$AC$4:$OC$4,"<>"&"Sat",'Project Follow up - Base'!$AC$3:$OC$3,"<>"&List!$L$3,'Project Follow up - Base'!$AC$3:$OC$3,"<>"&List!$L$4,'Project Follow up - Base'!$AC$3:$OC$3,"<>"&List!$L$5,'Project Follow up - Base'!$AC$3:$OC$3,"<>"&List!$L$6,'Project Follow up - Base'!$AC$3:$OC$3,"<>"&List!$L$7,'Project Follow up - Base'!$AC$3:$OC$3,"<>"&List!$L$8,'Project Follow up - Base'!$AC$3:$OC$3,"<>"&List!$L$9,'Project Follow up - Base'!$AC$3:$OC$3,"<>"&List!$L$10,'Project Follow up - Base'!$AC$3:$OC$3,"<>"&List!$L$11,'Project Follow up - Base'!$AC$3:$OC$3,"<>"&List!$L$12,'Project Follow up - Base'!$AC$3:$OC$3,"<>"&List!$L$13)) -> 1 | J31: =IF('Project Follow up - Base'!$N47="",0, COUNTIFS('Project Follow up - Base'!$AC47:$OC47,"<="&10,'Project Follow up - Base'!$AC47:$OC47,">="&-10,'Project Follow up - Base'!$AC$3:$OC$3,">="&DATE(YEAR(J$3),MONTH(J$3),1),'Project Follow up - Base'!$AC$3:$OC$3,"<="&(DATE(YEAR(J$3),MONTH(J$3)+1,1)-1),'Project Follow up - Base'!$AC$4:$OC$4,"<>"&"Fri",'Project Follow up - Base'!$AC$4:$OC$4,"<>"&"Sat",'Project Follow up - Base'!$AC$3:$OC$3,"<>"&List!$L$3,'Project Follow up - Base'!$AC$3:$OC$3,"<>"&List!$L$4,'Project Follow up - Base'!$AC$3:$OC$3,"<>"&List!$L$5,'Project Follow up - Base'!$AC$3:$OC$3,"<>"&List!$L$6,'Project Follow up - Base'!$AC$3:$OC$3,"<>"&List!$L$7,'Project Follow up - Base'!$AC$3:$OC$3,"<>"&List!$L$8,'Project Follow up - Base'!$AC$3:$OC$3,"<>"&List!$L$9,'Project Follow up - Base'!$AC$3:$OC$3,"<>"&List!$L$10,'Project Follow up - Base'!$AC$3:$OC$3,"<>"&List!$L$11,'Project Follow up - Base'!$AC$3:$OC$3,"<>"&List!$L$12,'Project Follow up - Base'!$AC$3:$OC$3,"<>"&List!$L$13)) -> 0 | ... AL31: =IF('Project Follow up - Base'!$N47="",0, COUNTIFS('Project Follow up - Base'!$AC47:$OC47,"<="&10,'Project Follow up - Base'!$AC47:$OC47,">="&-10,'Project Follow up - Base'!$AC$3:$OC$3,">="&DATE(YEAR(AL$3),MONTH(AL$3),1),'Project Follow up - Base'!$AC$3:$OC$3,"<="&(DATE(YEAR(AL$3),MONTH(AL$3)+1,1)-1),'Project Follow up - Base'!$AC$4:$OC$4,"<>"&"Fri",'Project Follow up - Base'!$AC$4:$OC$4,"<>"&"Sat",'Project Follow up - Base'!$AC$3:$OC$3,"<>"&List!$L$3,'Project Follow up - Base'!$AC$3:$OC$3,"<>"&List!$L$4,'Project Follow up - Base'!$AC$3:$OC$3,"<>"&List!$L$5,'Project Follow up - Base'!$AC$3:$OC$3,"<>"&List!$L$6,'Project Follow up - Base'!$AC$3:$OC$3,"<>"&List!$L$7,'Project Follow up - Base'!$AC$3:$OC$3,"<>"&List!$L$8,'Project Follow up - Base'!$AC$3:$OC$3,"<>"&List!$L$9,'Project Follow up - Base'!$AC$3:$OC$3,"<>"&List!$L$10,'Project Follow up - Base'!$AC$3:$OC$3,"<>"&List!$L$11,'Project Follow up - Base'!$AC$3:$OC$3,"<>"&List!$L$12,'Project Follow up - Base'!$AC$3:$OC$3,"<>"&List!$L$13)) -> 0
A32: ='Project Follow up - Base'!$B$38 -> Design | B32: ='Project Follow up - Base'!F48 -> Riyadh Almaghrabi | C32: =IF('Project Follow up - Base'!$N48="",0, COUNTIFS('Project Follow up - Base'!$AC48:$OC48,"<="&10,'Project Follow up - Base'!$AC48:$OC48,">="&-10,'Project Follow up - Base'!$AC$3:$OC$3,">="&DATE(YEAR(C$3),MONTH(C$3),1),'Project Follow up - Base'!$AC$3:$OC$3,"<="&(DATE(YEAR(C$3),MONTH(C$3)+1,1)-1),'Project Follow up - Base'!$AC$4:$OC$4,"<>"&"Fri",'Project Follow up - Base'!$AC$4:$OC$4,"<>"&"Sat",'Project Follow up - Base'!$AC$3:$OC$3,"<>"&List!$L$3,'Project Follow up - Base'!$AC$3:$OC$3,"<>"&List!$L$4,'Project Follow up - Base'!$AC$3:$OC$3,"<>"&List!$L$5,'Project Follow up - Base'!$AC$3:$OC$3,"<>"&List!$L$6,'Project Follow up - Base'!$AC$3:$OC$3,"<>"&List!$L$7,'Project Follow up - Base'!$AC$3:$OC$3,"<>"&List!$L$8,'Project Follow up - Base'!$AC$3:$OC$3,"<>"&List!$L$9,'Project Follow up - Base'!$AC$3:$OC$3,"<>"&List!$L$10,'Project Follow up - Base'!$AC$3:$OC$3,"<>"&List!$L$11,'Project Follow up - Base'!$AC$3:$OC$3,"<>"&List!$L$12,'Project Follow up - Base'!$AC$3:$OC$3,"<>"&List!$L$13)) -> 0 | D32: =IF('Project Follow up - Base'!$N48="",0, COUNTIFS('Project Follow up - Base'!$AC48:$OC48,"<="&10,'Project Follow up - Base'!$AC48:$OC48,">="&-10,'Project Follow up - Base'!$AC$3:$OC$3,">="&DATE(YEAR(D$3),MONTH(D$3),1),'Project Follow up - Base'!$AC$3:$OC$3,"<="&(DATE(YEAR(D$3),MONTH(D$3)+1,1)-1),'Project Follow up - Base'!$AC$4:$OC$4,"<>"&"Fri",'Project Follow up - Base'!$AC$4:$OC$4,"<>"&"Sat",'Project Follow up - Base'!$AC$3:$OC$3,"<>"&List!$L$3,'Project Follow up - Base'!$AC$3:$OC$3,"<>"&List!$L$4,'Project Follow up - Base'!$AC$3:$OC$3,"<>"&List!$L$5,'Project Follow up - Base'!$AC$3:$OC$3,"<>"&List!$L$6,'Project Follow up - Base'!$AC$3:$OC$3,"<>"&List!$L$7,'Project Follow up - Base'!$AC$3:$OC$3,"<>"&List!$L$8,'Project Follow up - Base'!$AC$3:$OC$3,"<>"&List!$L$9,'Project Follow up - Base'!$AC$3:$OC$3,"<>"&List!$L$10,'Project Follow up - Base'!$AC$3:$OC$3,"<>"&List!$L$11,'Project Follow up - Base'!$AC$3:$OC$3,"<>"&List!$L$12,'Project Follow up - Base'!$AC$3:$OC$3,"<>"&List!$L$13)) -> 0 | E32: =IF('Project Follow up - Base'!$N48="",0, COUNTIFS('Project Follow up - Base'!$AC48:$OC48,"<="&10,'Project Follow up - Base'!$AC48:$OC48,">="&-10,'Project Follow up - Base'!$AC$3:$OC$3,">="&DATE(YEAR(E$3),MONTH(E$3),1),'Project Follow up - Base'!$AC$3:$OC$3,"<="&(DATE(YEAR(E$3),MONTH(E$3)+1,1)-1),'Project Follow up - Base'!$AC$4:$OC$4,"<>"&"Fri",'Project Follow up - Base'!$AC$4:$OC$4,"<>"&"Sat",'Project Follow up - Base'!$AC$3:$OC$3,"<>"&List!$L$3,'Project Follow up - Base'!$AC$3:$OC$3,"<>"&List!$L$4,'Project Follow up - Base'!$AC$3:$OC$3,"<>"&List!$L$5,'Project Follow up - Base'!$AC$3:$OC$3,"<>"&List!$L$6,'Project Follow up - Base'!$AC$3:$OC$3,"<>"&List!$L$7,'Project Follow up - Base'!$AC$3:$OC$3,"<>"&List!$L$8,'Project Follow up - Base'!$AC$3:$OC$3,"<>"&List!$L$9,'Project Follow up - Base'!$AC$3:$OC$3,"<>"&List!$L$10,'Project Follow up - Base'!$AC$3:$OC$3,"<>"&List!$L$11,'Project Follow up - Base'!$AC$3:$OC$3,"<>"&List!$L$12,'Project Follow up - Base'!$AC$3:$OC$3,"<>"&List!$L$13)) -> 0 | F32: =IF('Project Follow up - Base'!$N48="",0, COUNTIFS('Project Follow up - Base'!$AC48:$OC48,"<="&10,'Project Follow up - Base'!$AC48:$OC48,">="&-10,'Project Follow up - Base'!$AC$3:$OC$3,">="&DATE(YEAR(F$3),MONTH(F$3),1),'Project Follow up - Base'!$AC$3:$OC$3,"<="&(DATE(YEAR(F$3),MONTH(F$3)+1,1)-1),'Project Follow up - Base'!$AC$4:$OC$4,"<>"&"Fri",'Project Follow up - Base'!$AC$4:$OC$4,"<>"&"Sat",'Project Follow up - Base'!$AC$3:$OC$3,"<>"&List!$L$3,'Project Follow up - Base'!$AC$3:$OC$3,"<>"&List!$L$4,'Project Follow up - Base'!$AC$3:$OC$3,"<>"&List!$L$5,'Project Follow up - Base'!$AC$3:$OC$3,"<>"&List!$L$6,'Project Follow up - Base'!$AC$3:$OC$3,"<>"&List!$L$7,'Project Follow up - Base'!$AC$3:$OC$3,"<>"&List!$L$8,'Project Follow up - Base'!$AC$3:$OC$3,"<>"&List!$L$9,'Project Follow up - Base'!$AC$3:$OC$3,"<>"&List!$L$10,'Project Follow up - Base'!$AC$3:$OC$3,"<>"&List!$L$11,'Project Follow up - Base'!$AC$3:$OC$3,"<>"&List!$L$12,'Project Follow up - Base'!$AC$3:$OC$3,"<>"&List!$L$13)) -> 0 | G32: =IF('Project Follow up - Base'!$N48="",0, COUNTIFS('Project Follow up - Base'!$AC48:$OC48,"<="&10,'Project Follow up - Base'!$AC48:$OC48,">="&-10,'Project Follow up - Base'!$AC$3:$OC$3,">="&DATE(YEAR(G$3),MONTH(G$3),1),'Project Follow up - Base'!$AC$3:$OC$3,"<="&(DATE(YEAR(G$3),MONTH(G$3)+1,1)-1),'Project Follow up - Base'!$AC$4:$OC$4,"<>"&"Fri",'Project Follow up - Base'!$AC$4:$OC$4,"<>"&"Sat",'Project Follow up - Base'!$AC$3:$OC$3,"<>"&List!$L$3,'Project Follow up - Base'!$AC$3:$OC$3,"<>"&List!$L$4,'Project Follow up - Base'!$AC$3:$OC$3,"<>"&List!$L$5,'Project Follow up - Base'!$AC$3:$OC$3,"<>"&List!$L$6,'Project Follow up - Base'!$AC$3:$OC$3,"<>"&List!$L$7,'Project Follow up - Base'!$AC$3:$OC$3,"<>"&List!$L$8,'Project Follow up - Base'!$AC$3:$OC$3,"<>"&List!$L$9,'Project Follow up - Base'!$AC$3:$OC$3,"<>"&List!$L$10,'Project Follow up - Base'!$AC$3:$OC$3,"<>"&List!$L$11,'Project Follow up - Base'!$AC$3:$OC$3,"<>"&List!$L$12,'Project Follow up - Base'!$AC$3:$OC$3,"<>"&List!$L$13)) -> 0 | H32: =IF('Project Follow up - Base'!$N48="",0, COUNTIFS('Project Follow up - Base'!$AC48:$OC48,"<="&10,'Project Follow up - Base'!$AC48:$OC48,">="&-10,'Project Follow up - Base'!$AC$3:$OC$3,">="&DATE(YEAR(H$3),MONTH(H$3),1),'Project Follow up - Base'!$AC$3:$OC$3,"<="&(DATE(YEAR(H$3),MONTH(H$3)+1,1)-1),'Project Follow up - Base'!$AC$4:$OC$4,"<>"&"Fri",'Project Follow up - Base'!$AC$4:$OC$4,"<>"&"Sat",'Project Follow up - Base'!$AC$3:$OC$3,"<>"&List!$L$3,'Project Follow up - Base'!$AC$3:$OC$3,"<>"&List!$L$4,'Project Follow up - Base'!$AC$3:$OC$3,"<>"&List!$L$5,'Project Follow up - Base'!$AC$3:$OC$3,"<>"&List!$L$6,'Project Follow up - Base'!$AC$3:$OC$3,"<>"&List!$L$7,'Project Follow up - Base'!$AC$3:$OC$3,"<>"&List!$L$8,'Project Follow up - Base'!$AC$3:$OC$3,"<>"&List!$L$9,'Project Follow up - Base'!$AC$3:$OC$3,"<>"&List!$L$10,'Project Follow up - Base'!$AC$3:$OC$3,"<>"&List!$L$11,'Project Follow up - Base'!$AC$3:$OC$3,"<>"&List!$L$12,'Project Follow up - Base'!$AC$3:$OC$3,"<>"&List!$L$13)) -> 0 | I32: =IF('Project Follow up - Base'!$N48="",0, COUNTIFS('Project Follow up - Base'!$AC48:$OC48,"<="&10,'Project Follow up - Base'!$AC48:$OC48,">="&-10,'Project Follow up - Base'!$AC$3:$OC$3,">="&DATE(YEAR(I$3),MONTH(I$3),1),'Project Follow up - Base'!$AC$3:$OC$3,"<="&(DATE(YEAR(I$3),MONTH(I$3)+1,1)-1),'Project Follow up - Base'!$AC$4:$OC$4,"<>"&"Fri",'Project Follow up - Base'!$AC$4:$OC$4,"<>"&"Sat",'Project Follow up - Base'!$AC$3:$OC$3,"<>"&List!$L$3,'Project Follow up - Base'!$AC$3:$OC$3,"<>"&List!$L$4,'Project Follow up - Base'!$AC$3:$OC$3,"<>"&List!$L$5,'Project Follow up - Base'!$AC$3:$OC$3,"<>"&List!$L$6,'Project Follow up - Base'!$AC$3:$OC$3,"<>"&List!$L$7,'Project Follow up - Base'!$AC$3:$OC$3,"<>"&List!$L$8,'Project Follow up - Base'!$AC$3:$OC$3,"<>"&List!$L$9,'Project Follow up - Base'!$AC$3:$OC$3,"<>"&List!$L$10,'Project Follow up - Base'!$AC$3:$OC$3,"<>"&List!$L$11,'Project Follow up - Base'!$AC$3:$OC$3,"<>"&List!$L$12,'Project Follow up - Base'!$AC$3:$OC$3,"<>"&List!$L$13)) -> 12 | J32: =IF('Project Follow up - Base'!$N48="",0, COUNTIFS('Project Follow up - Base'!$AC48:$OC48,"<="&10,'Project Follow up - Base'!$AC48:$OC48,">="&-10,'Project Follow up - Base'!$AC$3:$OC$3,">="&DATE(YEAR(J$3),MONTH(J$3),1),'Project Follow up - Base'!$AC$3:$OC$3,"<="&(DATE(YEAR(J$3),MONTH(J$3)+1,1)-1),'Project Follow up - Base'!$AC$4:$OC$4,"<>"&"Fri",'Project Follow up - Base'!$AC$4:$OC$4,"<>"&"Sat",'Project Follow up - Base'!$AC$3:$OC$3,"<>"&List!$L$3,'Project Follow up - Base'!$AC$3:$OC$3,"<>"&List!$L$4,'Project Follow up - Base'!$AC$3:$OC$3,"<>"&List!$L$5,'Project Follow up - Base'!$AC$3:$OC$3,"<>"&List!$L$6,'Project Follow up - Base'!$AC$3:$OC$3,"<>"&List!$L$7,'Project Follow up - Base'!$AC$3:$OC$3,"<>"&List!$L$8,'Project Follow up - Base'!$AC$3:$OC$3,"<>"&List!$L$9,'Project Follow up - Base'!$AC$3:$OC$3,"<>"&List!$L$10,'Project Follow up - Base'!$AC$3:$OC$3,"<>"&List!$L$11,'Project Follow up - Base'!$AC$3:$OC$3,"<>"&List!$L$12,'Project Follow up - Base'!$AC$3:$OC$3,"<>"&List!$L$13)) -> 0 | ... AL32: =IF('Project Follow up - Base'!$N48="",0, COUNTIFS('Project Follow up - Base'!$AC48:$OC48,"<="&10,'Project Follow up - Base'!$AC48:$OC48,">="&-10,'Project Follow up - Base'!$AC$3:$OC$3,">="&DATE(YEAR(AL$3),MONTH(AL$3),1),'Project Follow up - Base'!$AC$3:$OC$3,"<="&(DATE(YEAR(AL$3),MONTH(AL$3)+1,1)-1),'Project Follow up - Base'!$AC$4:$OC$4,"<>"&"Fri",'Project Follow up - Base'!$AC$4:$OC$4,"<>"&"Sat",'Project Follow up - Base'!$AC$3:$OC$3,"<>"&List!$L$3,'Project Follow up - Base'!$AC$3:$OC$3,"<>"&List!$L$4,'Project Follow up - Base'!$AC$3:$OC$3,"<>"&List!$L$5,'Project Follow up - Base'!$AC$3:$OC$3,"<>"&List!$L$6,'Project Follow up - Base'!$AC$3:$OC$3,"<>"&List!$L$7,'Project Follow up - Base'!$AC$3:$OC$3,"<>"&List!$L$8,'Project Follow up - Base'!$AC$3:$OC$3,"<>"&List!$L$9,'Project Follow up - Base'!$AC$3:$OC$3,"<>"&List!$L$10,'Project Follow up - Base'!$AC$3:$OC$3,"<>"&List!$L$11,'Project Follow up - Base'!$AC$3:$OC$3,"<>"&List!$L$12,'Project Follow up - Base'!$AC$3:$OC$3,"<>"&List!$L$13)) -> 0
